description,url
冒泡 —— “我还活着，继续潜水作业中”   （用于低调现身、报平安，带点幽默和自嘲）,https://emoji-src.mcunc.net/e210405a-dd5d-4935-8e91-c14d6e21969b.jpg
在吗？（戴着耳机的蜜蜂，像在等回复）,https://emoji-src.mcunc.net/05190f01-aef1-4c56-a123-80bb0deda8ef.jpg
吃粽子，满足～,https://emoji-src.mcunc.net/b617e7de-47e9-414d-bb6b-46ad7658694c.jpg
？（疑问/困惑）,https://emoji-src.mcunc.net/67a62e9c-6ad5-42dd-953e-3bc83c94d01a.jpg
？（举着可乐和百事，一脸懵/选择困难）,https://emoji-src.mcunc.net/8ff57115-4934-4d7d-968d-087fe60e704a.jpg
贴贴 —— 两只萌犬雪地依偎，表达亲昵、撒娇或求抱抱的可爱互动。,https://emoji-src.mcunc.net/b30f4db0-0ca5-4a39-98f2-055fb6bb76e3.jpg
震惊 / 崩溃 / 无语,https://emoji-src.mcunc.net/14de2885-22a6-498d-ae07-e56d2405e9d2.jpg
可爱歪头问“在吗？”,https://emoji-src.mcunc.net/6ec6154a-530d-4e59-a94f-a2b0b2f73adf.jpg
惊恐 / 崩溃 / 啊啊啊,https://emoji-src.mcunc.net/9d7fca0d-d15d-4316-b52b-5bfc4de19ace.jpg
舔舌卖萌,https://emoji-src.mcunc.net/08e38377-cfbc-42b7-90b9-35253577a2af.jpg
思考中 / 疑惑 / 在想什么,https://emoji-src.mcunc.net/8e45608d-69dc-49e5-b874-4409f25fd9ea.jpg
生气，咬牙切齿,https://emoji-src.mcunc.net/ef4376fa-c2a0-4520-9503-1932e095dce5.jpg
你（带点傲娇/撒娇语气）,https://emoji-src.mcunc.net/41dd0748-cf60-4265-b026-a1af7d16094d.jpg
害羞+紧张+暗恋/表白   （举着“爱”字牌，脸红冒汗，眼神躲闪）,https://emoji-src.mcunc.net/827f4923-1e4e-4228-a141-2168bc7941c6.jpg
大！（兴奋/得意地举牌）,https://emoji-src.mcunc.net/37ba6853-7904-44a8-8151-632f745802cc.jpg
寄！（崩溃/完蛋了）,https://emoji-src.mcunc.net/8b396351-c008-413e-bb4e-136628d7683e.jpg
举牌“吧”——带点撒娇或期待的语气，像是在说“就这样吧~”或“行不行嘛？”,https://emoji-src.mcunc.net/987c5c0e-e657-4cdf-b6ac-fdc513c262f5.jpg
开心/可爱/萌,https://emoji-src.mcunc.net/f1e11d8e-6b9a-4419-9292-fda42b7023b7.jpg
不爽 / 生气中,https://emoji-src.mcunc.net/0d3edeed-04ba-4269-a5e0-1a89c9214b93.jpg
我以后天天哈气 —— 表达一种“我要持续发脾气/撒娇/闹腾”的情绪，带点搞笑和夸张。,https://emoji-src.mcunc.net/e4319d93-59c3-462b-843a-b647e6ec020d.jpg
生气+委屈+小傲娇（头顶冒火，脸颊鼓鼓，旁边有爱心）,https://emoji-src.mcunc.net/f48ec4f1-453a-46be-8f4f-5e99bdf691e1.jpg
困了 / 犯困 / 想睡觉,https://emoji-src.mcunc.net/63d3c9d6-bced-45b4-9930-4fde5d75fef8.jpg
懒人哈气问候表情包 —— 用一张图覆盖全天候打招呼，配文“本人比较懒，偷图统一哈气”，带点自嘲和可爱。,https://emoji-src.mcunc.net/9131b15e-7b30-4780-9f10-970ef8042414.jpg
？（疑惑/懵圈）,https://emoji-src.mcunc.net/4326abe2-4f15-4fa7-830c-dab81b004eb4.jpg
求放过,https://emoji-src.mcunc.net/3004dc61-6610-4136-9514-811dd2fac002.jpg
在吗？（戴眼镜猫，一脸认真/疑惑）,https://emoji-src.mcunc.net/79c018c2-f8df-45cd-a91d-4413364975ae.jpg
在吗？（猫戴帽持物，一脸懵/等回复）,https://emoji-src.mcunc.net/6af364c7-72a5-4c84-9db4-236d7b723e7c.jpg
？（疑惑/懵）,https://emoji-src.mcunc.net/9ad2ae55-7b39-4242-894a-47482c4ac0ab.jpg
生气！   （猫耳白发角色握拳跺脚，脸红冒火，明显在发脾气）,https://emoji-src.mcunc.net/be2b3634-70a6-498c-8d12-8c7e4c78f988.jpg
 wink（眨眼）+ 萌笑，表示调皮、得意或“你懂的”那种小表情。,https://emoji-src.mcunc.net/8b63deb3-b1e9-4c70-b2d2-f4fa25cb2bfa.jpg
？（疑惑/懵圈）,https://emoji-src.mcunc.net/01d85894-98a0-4389-94de-a1c35ad06803.jpg
开心/兴奋,https://emoji-src.mcunc.net/47fa5aa9-aea1-4739-a245-740ab81c6d8a.jpg
？（疑惑/无语）,https://emoji-src.mcunc.net/cd6b9347-6689-4dc6-81be-fa1396585f14.jpg
生气 / 吼叫,https://emoji-src.mcunc.net/5768db2f-83ba-4a85-955f-eaf02a398d97.jpg
？（一脸懵/无辜）,https://emoji-src.mcunc.net/caf9325c-74f7-4a24-82eb-1b82a135fcbe.jpg
在吗？（配图：猫戴帽+汉堡+华莱士饮料，带点沙雕感）,https://emoji-src.mcunc.net/ea771828-708d-4bcb-8db3-408ab6c367ff.jpg
？（一脸懵/疑惑）,https://emoji-src.mcunc.net/eb6128c0-21a6-46d8-829d-e3c61c53e20a.jpg
开心大笑 / 傻乐 / 萌萌哒,https://emoji-src.mcunc.net/350a752f-2713-4d0a-84a6-971ac1195a92.jpg
蹲坐发呆，略带忧郁,https://emoji-src.mcunc.net/efe2d2e7-2205-475a-964d-8a062de1614c.jpg
困了 / 打哈欠 / 犯困,https://emoji-src.mcunc.net/4c1325d3-4a37-41e9-9f76-3155f5fcf45a.jpg
在吗？（带点呆萌+流口水）,https://emoji-src.mcunc.net/062c0280-f92e-4f5e-b5d0-c2838e5ad20f.jpg
惊讶 / 哇！ / ？？？  （蓝发少女睁大橙色眼睛、张嘴，表情充满震惊或意外）,https://emoji-src.mcunc.net/6dc02960-8139-4581-8e40-da8fdfadd679.jpg
自拍，可爱，萌,https://emoji-src.mcunc.net/d93772d1-5fcc-400b-9a53-f4ef48bc8097.jpg
开心吐舌，萌态十足！,https://emoji-src.mcunc.net/8bac18ee-a5b9-45ae-ab6c-c964d7aa05de.jpg
生气 + 无语,https://emoji-src.mcunc.net/7b6dba1e-81a5-4ce9-b817-696ef32cc789.jpg
开心/可爱/萌萌哒,https://emoji-src.mcunc.net/3e0cfca5-3e17-4e89-8d0c-d2fbe52b01c6.jpg
比耶眨眼，可爱卖萌,https://emoji-src.mcunc.net/ecd83624-6971-43ba-afab-e63467303186.jpg
生气，不爽，带点傲娇,https://emoji-src.mcunc.net/f012c33a-5aa1-489e-9143-5f959f07e12e.jpg
生气，气到冒火,https://emoji-src.mcunc.net/32cab7cc-4583-48de-9b72-e185ca63ae49.jpg
吐舌卖萌,https://emoji-src.mcunc.net/7f41c604-da7a-43d6-83fb-253e893657d6.jpg
生气+无语，竖中指表情包,https://emoji-src.mcunc.net/9f0cd558-0ba0-4ccb-a20d-4566d48a3f84.jpg
狡猾,https://emoji-src.mcunc.net/ca5e04e4-4c09-447a-a1c9-1ace32198d30.jpg
？（一脸懵/疑惑）,https://emoji-src.mcunc.net/2a2b0ddd-e04e-48fa-996a-618249fc1072.jpg
？（一脸懵/疑惑）,https://emoji-src.mcunc.net/c6af19c4-debe-4e08-91fa-0f69cea2a31a.jpg
哭哭，委屈，伤心,https://emoji-src.mcunc.net/d6d889a3-d708-4cab-8866-e1f572818923.jpg
？（一脸懵/困惑）,https://emoji-src.mcunc.net/bca12dae-d838-43dd-9659-f6971d2dad6d.jpg
笑死,https://emoji-src.mcunc.net/7b39a6ea-45c5-4bf0-9055-4b8a9757c83a.jpg
在吗？（萌鼠探头，带点呆萌疑问感）,https://emoji-src.mcunc.net/18c33dd4-4296-4f6c-a047-17e088648e4c.jpg
在吗？（带点疑惑/试探的语气）,https://emoji-src.mcunc.net/1c25941f-aa00-4f7d-95d6-9ead4df9b7b2.jpg
在吗？（带点呆萌/无语的语气）,https://emoji-src.mcunc.net/2fec138c-db3a-4b84-9d7d-b85ab6f64890.jpg
哭唧唧 + 法修散打 = 无奈/崩溃/被逼疯,https://emoji-src.mcunc.net/d6ecc1bf-7c3c-4f2a-990b-4da143f3c902.jpg
在吗？（猫脸凑近，带点疑惑/期待）,https://emoji-src.mcunc.net/9967f386-dc6e-43d8-b79b-4113a826f0c2.jpg
吃炸鸡喝可乐的牛仔猫，悠闲惬意。,https://emoji-src.mcunc.net/ec4dd437-e118-4c97-9a85-8ab77ad44f50.jpg
萌萌歪头，带点呆萌疑问感 —— “？”  （也可用于“在吗？”、“嗯？”等轻疑问语气）,https://emoji-src.mcunc.net/f1cfaf9b-20c1-4ac7-a31d-526fa43d9fa1.jpg
歪头 + 问号 = 疑惑 / 不解 / “啥意思？”,https://emoji-src.mcunc.net/e9840601-6b52-43b1-9399-9588150018f4.jpg
目标失衡！（表示动作失控、扑空或翻车的搞笑场面）,https://emoji-src.mcunc.net/0c250064-9621-4010-82fd-e6380d27738d.jpg
？（惊讶/懵圈）,https://emoji-src.mcunc.net/ccb8b4a6-d3d1-4a22-abae-9237eaa6c2ec.jpg
微笑，带点害羞或温柔的神情。,https://emoji-src.mcunc.net/970dbd0b-dc04-43fa-a525-9c684c6517ad.jpg
？（一脸懵/无辜）,https://emoji-src.mcunc.net/f825391e-8fdf-4498-a804-dd25d50bca19.jpg
防踢冒泡 —— 用“冒泡”表示在线/存在，带点游戏感和幽默，常用于群聊中防止被踢或刷存在感。,https://emoji-src.mcunc.net/f54ba628-e922-42ff-aa85-563e623258ac.jpg
歪头+问号=疑惑/不解,https://emoji-src.mcunc.net/631e9152-329d-40ac-a4e2-91997c6478fd.jpg
生气,https://emoji-src.mcunc.net/5325ef04-846a-4bd5-9e96-0a5430480071.jpg
写作业中（带点不耐烦/烦躁）,https://emoji-src.mcunc.net/68239c18-8888-442a-9966-06663a28afec.jpg
哈气（生气/不满）,https://emoji-src.mcunc.net/3ec19d99-bbc4-4e04-a027-8fbb91046895.jpg
？（惊讶/懵圈）,https://emoji-src.mcunc.net/e5fefbdc-26e5-4ced-bc64-306b0cbd3536.jpg
？（疑惑/懵圈）,https://emoji-src.mcunc.net/2a3a1a7f-3b2d-4cd2-a222-0cae96d048e8.jpg
思考 / 陷入沉思,https://emoji-src.mcunc.net/1cb5f139-3c1c-4cc0-991e-f4c07a0b995d.jpg
？（疑惑/懵圈）,https://emoji-src.mcunc.net/3981228b-9dba-4f9e-84a4-4bc68e7a7614.jpg
甩锅给后端,https://emoji-src.mcunc.net/376d8d1e-a0dd-4c19-b3c9-34ea4419d77a.jpg
装傻（实际是真傻）,https://emoji-src.mcunc.net/24fbd93b-c3af-44a7-893f-2ad532133333.jpg
似懂非懂,https://emoji-src.mcunc.net/a0c7adf9-1511-43a7-ba23-43dcd5939b58.jpg
？（一脸懵/困惑）,https://emoji-src.mcunc.net/b00854c4-fb00-4228-b3f3-fe271a741df4.jpg
微笑，可爱，萌,https://emoji-src.mcunc.net/a018c2cb-eb92-4a66-b673-cd74a96197cd.jpg
可爱歪头，懵懂发问：“？”,https://emoji-src.mcunc.net/21302f76-0a0d-4387-8935-fc28c2587a22.jpg
不愧是我（得意/自恋）,https://emoji-src.mcunc.net/32a90943-dbcc-488d-a684-2f500538b701.jpg
在吗？（模糊卡通形象，张嘴似在喊）,https://emoji-src.mcunc.net/a1eb47d0-cce9-4efd-bde6-660d9d1e0208.jpg
哭哭，委屈，伤心,https://emoji-src.mcunc.net/d6da65ea-bb92-4847-a146-01883aeb406a.jpg
天上天下，唯我独尊 —— 狂傲得意、自我膨胀的嚣张姿态。,https://emoji-src.mcunc.net/3cb7b1b3-e675-4063-a1b6-445ca1f416e8.jpg
生气，战斗模式开启,https://emoji-src.mcunc.net/b4bf4f21-3072-49c4-91a2-74134b07a9f3.jpg
？（一脸懵/困惑）,https://emoji-src.mcunc.net/e8e29fb5-ca37-4bf3-a427-debeadc207de.jpg
选哪个？,https://emoji-src.mcunc.net/07be62bf-ee88-4d78-837c-7f35c7cafdbd.jpg
求你别动我哥,https://emoji-src.mcunc.net/ce74b40c-5084-4d2b-b319-02036e124f47.jpg
萌鲨咬饼干，可爱又搞怪 😊,https://emoji-src.mcunc.net/e26cc39b-b6a2-4b89-86bc-054f5983af55.jpg
可爱歪头，带点懵/疑问感,https://emoji-src.mcunc.net/89164867-230b-48dd-a741-3a1b25fe751b.jpg
生气，带恶魔角和三叉戟，凶狠脸,https://emoji-src.mcunc.net/6c1ce5fc-e7a4-4d04-8fd4-31ded3d5af5b.jpg
开心奔跑,https://emoji-src.mcunc.net/652e69ca-6bfd-47b7-a91b-34e012e3ca13.jpg
生气+委屈，头上冒叉和星号，萌系猫耳少女版“气到炸毛”,https://emoji-src.mcunc.net/87cf0f46-78d1-4e5c-8283-f97ae91be7f8.jpg
？（一脸懵/震惊）,https://emoji-src.mcunc.net/04b6da50-986b-49a7-b536-1f588c16fbbd.jpg
狂喜 / 大笑到变形,https://emoji-src.mcunc.net/db52d1aa-3075-4792-ab78-1e6a4289cd3f.jpg
？这啥玩意儿呢这是,https://emoji-src.mcunc.net/e61f9e37-7610-4742-8c43-976e90bbccb8.jpg
在吗？（猫脸懵懂+呆萌注视）,https://emoji-src.mcunc.net/914df429-99ad-4598-8ff1-b31ec3fa54cf.jpg
？（一脸懵/困惑）,https://emoji-src.mcunc.net/075ef899-6062-41c2-9092-0bf6ea483b8e.jpg
？？？（头上戴护士帽+蝴蝶结，一脸懵）,https://emoji-src.mcunc.net/a10c5737-2e85-4e07-ab98-a92788175170.jpg
？（疑惑/无语）   “何 Evil？” = “什么鬼？” 或 “这算哪门子邪恶？”   表情包主角一脸懵+小黄鸭+问号，表达对“邪恶”说法的不解或吐槽。,https://emoji-src.mcunc.net/b0f91069-3061-49a9-8fef-63fab69fd032.jpg
？（疑惑/懵圈）,https://emoji-src.mcunc.net/f9ca1ce1-7e3d-4eff-9d81-d8e274e67776.jpg
？（一脸懵/震惊）,https://emoji-src.mcunc.net/47f269c3-c8ed-4f62-839f-8a2a409ad2f4.jpg
震惊 / 崩溃 / 无语,https://emoji-src.mcunc.net/41221fca-7e61-4940-8d5c-ea591c745fcd.jpg
汗流浃背了吧，牢弟 —— 用于调侃对方紧张、尴尬或被戳中痛点时的窘迫状态。,https://emoji-src.mcunc.net/ac44489b-5aa6-47d2-8c9e-a199f819588e.jpg
？（懵圈/无辜）,https://emoji-src.mcunc.net/65426b55-ca7b-4145-a961-d583aad8e5fa.jpg
冷漠脸，看报纸，生人勿扰。,https://emoji-src.mcunc.net/0a6f3e4c-53d1-421b-b90a-8eba91fb3a40.jpg
超开心！（举牌欢呼）,https://emoji-src.mcunc.net/586e1b63-2188-4088-aca8-df32261e395c.jpg
在吗？（猫戴帽持物，一脸正经等回复）,https://emoji-src.mcunc.net/9e13e2e7-2ffb-4a3d-a9de-0c5c8ea8e672.jpg
在群里睡觉（表示潜水、不发言、默默围观）,https://emoji-src.mcunc.net/92629465-6653-40e1-b5f2-c05fb62eb02f.jpg
在吗？,https://emoji-src.mcunc.net/8e3e9e23-7707-499b-a462-d728ae83e81e.jpg
自己掰开（带点无奈/调侃的微笑）,https://emoji-src.mcunc.net/3aa171a7-fef1-4b43-b1e5-7eef97575ffe.jpg
？（疑惑/懵圈）,https://emoji-src.mcunc.net/97ec4414-012e-44b2-904c-85ddf0f0d926.jpg
？（疑惑/懵逼）,https://emoji-src.mcunc.net/3a577512-5eb7-4861-9fae-78c496fe11b3.jpg
恍惚（带星星，表示迷糊、发呆或出神状态）,https://emoji-src.mcunc.net/e350a97c-6214-4746-88dd-0015f094daee.jpg
主人～（撒娇/期待）,https://emoji-src.mcunc.net/30cfbe85-b625-4c71-a0aa-f4f79ebd030b.jpg
“苦命鸳鸯”被吐槽，当事人炸毛怒怼：“再跟我说这几个字，你就给我艾草！” —— 生气+威胁+无语,https://emoji-src.mcunc.net/0aa1dded-ef62-4a61-bf83-4a56f08d9d8e.jpg
？（困惑/懵圈）,https://emoji-src.mcunc.net/3a5cce37-3df2-4a19-a5d9-ee211f4b4f78.jpg
？（一脸懵/惊讶）,https://emoji-src.mcunc.net/cb96412a-391c-4a49-932f-f6809e243e3a.jpg
开心大笑 / 哈哈狂笑 / 笑到停不下来,https://emoji-src.mcunc.net/039133f3-aaf6-48ae-aa0e-7eb5ff5b6817.jpg
生气 + 无语   （配文“太脚滑了”=借口/甩锅，表情却很凶，反差搞笑）,https://emoji-src.mcunc.net/441d5ef0-6a0e-4ab4-9a01-21214870d479.jpg
？（疑惑/懵）,https://emoji-src.mcunc.net/e2eb99a8-d041-4683-9863-56a072c9c1e5.jpg
不爽 / 生气 / 委屈,https://emoji-src.mcunc.net/1f793145-fb0b-4325-aef2-04ea9cc875fb.jpg
在吗？（带点撒娇/期待感）,https://emoji-src.mcunc.net/6c4562a0-d8c5-4263-b88b-c91aa509ff0f.jpg
吐舌卖萌,https://emoji-src.mcunc.net/7ad171c2-6711-4ca5-821b-720c2e49c67d.jpg
生气看书,https://emoji-src.mcunc.net/4d34e2ac-0be6-4cb0-9da7-64a89e3b431e.jpg
开心大笑 / 哈哈 / 超级可爱地笑,https://emoji-src.mcunc.net/e68ea0de-0674-4222-928b-5f9db87ea080.jpg
精神科，我来了！（带点自嘲/调侃的萌系表情）,https://emoji-src.mcunc.net/b7f82935-b771-4710-a229-3e0504d31d2f.jpg
躺平任宰，肥宅本宅,https://emoji-src.mcunc.net/27214008-0acb-4489-ace2-1e6f66eb8dfd.jpg
不开心 / 生气 / 委屈,https://emoji-src.mcunc.net/f76321eb-f5ba-404d-a041-be8b1322e961.jpg
已红温（表示气到脸红/情绪爆炸）,https://emoji-src.mcunc.net/a8459841-a5e1-4656-83d5-711a8ce5323b.jpg
？（疑惑/懵圈）,https://emoji-src.mcunc.net/2538ec81-051a-42ab-a7cd-423d582be4e1.jpg
生气，气到冒火,https://emoji-src.mcunc.net/bd65c0e4-6292-476f-8e32-f96136532949.jpg
？（惊讶/懵圈）,https://emoji-src.mcunc.net/60ab65b6-f166-47d1-a6a5-3f7dcfba4004.jpg
在吗？（带点呆萌/疑惑感）,https://emoji-src.mcunc.net/b2c3d135-c070-4250-ba46-d273dcdcaa08.jpg
生气，太贪吃了,https://emoji-src.mcunc.net/83eb2b6c-90bc-440a-a81f-eb38cad044cb.jpg
？（带点无辜/懵圈感）,https://emoji-src.mcunc.net/a3e9f843-1944-4b1a-a416-7be41136745f.jpg
崩溃 / 抓狂 / 大喊,https://emoji-src.mcunc.net/ea00fe80-4fe5-423c-bf8a-06b6ca8d37de.jpg
吃糖，开心,https://emoji-src.mcunc.net/c394e2dc-0028-4c92-ab7e-a706123ea71f.jpg
躺平摆烂,https://emoji-src.mcunc.net/08d21c3a-8fd6-43b0-934c-31bd2915c8f7.jpg
这么强？（惊讶/震惊）,https://emoji-src.mcunc.net/f54a796c-6f1a-4b7c-8d22-b86f107f2bf0.jpg
开心大笑 / 哈哈大笑,https://emoji-src.mcunc.net/584f03bd-6d17-4c3c-9b37-df7793a6254a.jpg
？（一脸懵/疑惑）,https://emoji-src.mcunc.net/2d955a8b-7e25-4545-81f1-0eaf5ecee74b.jpg
在吗？（带点俏皮和期待）,https://emoji-src.mcunc.net/9f04b77a-6090-4c27-b975-ca0c007312b9.jpg
严肃,https://emoji-src.mcunc.net/dc0583bf-088e-4778-903c-5afc0569772b.jpg
惊讶+呆萌，眼睛瞪大、嘴角抽搐，头顶感叹号，像突然被吓到或听到惊人消息的反应。,https://emoji-src.mcunc.net/09a3dd8c-5129-4072-8c49-386e8cff56da.jpg
低头委屈，带点小倔强,https://emoji-src.mcunc.net/ffbc32cd-6ce2-4ba1-a0c2-acc9a4c2f0c6.jpg
发呆 / 傻萌 / 无语,https://emoji-src.mcunc.net/3705a251-7e0c-4f88-b2a2-79b0e07f82d5.jpg
震惊 / 我的天,https://emoji-src.mcunc.net/c1f084f1-ae22-4320-b1fb-fe7a571fce65.jpg
你是这么大的猪（调侃/吐槽）,https://emoji-src.mcunc.net/f61bd932-40a3-49ce-98d9-a3b76edaab81.jpg
你怎么这么坏（委屈/生气）,https://emoji-src.mcunc.net/95488a80-c731-4e4f-906e-7e2a774c266e.jpg
震惊 / 崩溃 / ？？？,https://emoji-src.mcunc.net/e2157d03-2b34-4166-93de-e5165f493128.jpg
在吗？（猫戴帽+泡面+冰红茶，经典“在吗”梗）,https://emoji-src.mcunc.net/755796fd-0529-4d50-aad5-2454b6e9a295.jpg
在吗？（黑兔探头，眼神无辜又好奇）,https://emoji-src.mcunc.net/53d5cc2a-a45a-424d-9607-b85318ab2e88.jpg
困了，想睡觉 😴,https://emoji-src.mcunc.net/8e185b71-2be9-402b-bcd9-c7d4a2fb153d.jpg
？（何意味）   —— 用“何意味”谐音“何意味”，表达困惑、不解或“这啥意思？”的语气，常用于对离谱/无语事情的反应。,https://emoji-src.mcunc.net/3475aa62-3dc3-4b0a-8677-fd6b9aefa2c4.jpg
手机没电了？,https://emoji-src.mcunc.net/b09f4a2f-0365-4dfe-9920-20310915e7fb.jpg
？（疑惑/懵圈）,https://emoji-src.mcunc.net/5d8b3273-2a92-43b6-9727-f9de8a83767f.jpg
生气，炸毛，暴走中,https://emoji-src.mcunc.net/5fa1c091-c151-422b-ba7e-3720ffff2fcf.jpg
？（疑惑/懵懂）,https://emoji-src.mcunc.net/6aecf1ed-5177-4876-bc51-4d423267844c.jpg
群主驾到，全体起立！,https://emoji-src.mcunc.net/fbae54ce-9bb7-47b5-acc5-5ff4d1675954.jpg
聚众睡觉,https://emoji-src.mcunc.net/8cd1d546-327a-4a98-86e9-c4fd7564f2ac.jpg
困了，想再睡会,https://emoji-src.mcunc.net/839bd570-b6a2-4d9c-8284-a59b14ce6383.jpg
？（黑猫叼着草，一脸懵）,https://emoji-src.mcunc.net/75909eb5-2e31-4b95-aef9-c0ef4e662650.jpg
在吗？（带水滴特效的可爱询问表情）,https://emoji-src.mcunc.net/6829063d-73bd-4b09-aa4f-d15330856f30.jpg
哭哭，委屈巴巴,https://emoji-src.mcunc.net/7771664d-8e7d-485a-af83-8bc2f3e8f160.jpg
“妈”——震惊+社死+求救式喊妈，常用于游戏或社交中突然破防/翻车时的崩溃反应。,https://emoji-src.mcunc.net/a0eae114-60e0-4c4a-a587-1bb7e1b44c0c.jpg
“妈”——震惊+社死+无语，常用于突然被戳中痛点或被迫面对尴尬现实时的崩溃反应。,https://emoji-src.mcunc.net/a2fa6af7-3a4c-41c2-a180-4b660dfb1738.jpg
“不是吧？”（震惊/难以置信）,https://emoji-src.mcunc.net/e0c3a600-18b9-406f-a0d0-eb28f997d08f.jpg
？（一脸懵/疑惑）,https://emoji-src.mcunc.net/b8d0f834-5fd9-488b-a24c-0d6782147ca5.jpg
哭唧唧 / 伤心委屈,https://emoji-src.mcunc.net/5e5e7164-e893-4064-abba-66d07950acf4.jpg
生气+吐槽：手机烫？怪你们这些“烧杯”（指耗电/发热应用）！,https://emoji-src.mcunc.net/73fb00b2-a824-43f3-8983-f3dde2fe1ddb.jpg
开心感动，感叹群友太好,https://emoji-src.mcunc.net/2a39d24a-1889-47c0-95c0-092873992bde.jpg
开心倒计时,https://emoji-src.mcunc.net/407c7000-5c59-4211-863e-46679d746c48.jpg
酷 + 点赞,https://emoji-src.mcunc.net/fdb1d5ed-3e12-4deb-8f1e-ff02dd867659.jpg
脑残（讽刺/吐槽用）,https://emoji-src.mcunc.net/91a71ad9-9b8e-42b8-bc45-f33c96cd895b.jpg
抱着小熊，萌萌的可爱表情。,https://emoji-src.mcunc.net/be0770b2-3802-4ac2-89bf-6ade6a750d9f.jpg
快乐大笑,https://emoji-src.mcunc.net/f3f21b7a-bcd5-492e-a710-a85e19d3a247.jpg
服务器卡爆了！熊猫急得举着面包喊：跟不上的节奏，是服务器过载了吗？（11万ms延迟警告）,https://emoji-src.mcunc.net/fb6ff827-f9c6-419d-aac0-700b3444500f.jpg
TNT要炸了,https://emoji-src.mcunc.net/5f36f4f4-88dd-411c-87a4-44b8c7864478.jpg
加载中,https://emoji-src.mcunc.net/7ca70ae3-01b0-4edc-a07d-9df2501c452b.jpg
在吗,https://emoji-src.mcunc.net/44a3db6f-e7ac-4558-ac44-14c411d9eb13.jpg
跑路了，各自精彩。,https://emoji-src.mcunc.net/f4e69a89-fb8f-4694-86e2-f7b08f03f92f.jpg
？（疑惑/调侃）,https://emoji-src.mcunc.net/e8b5aad3-89ad-4a29-954d-763109d2c36d.jpg
生气，无语，气到想死,https://emoji-src.mcunc.net/33cf5541-6146-46c5-91b0-14342d96fd74.jpg
这个不是表情包，而是一个政治宣传图。  它用数字“5201314”（谐音“我爱你一生一世”）来记忆中国共产党的一系列重要理念：  - 5 = 五个坚持   - 2 = 两个都要（绿水青山+金山银山）   - 0 = 一个零容忍   - 1 = 一个原则（一个中国）   - 3 = 三个代表思想   - 1 = 一个共识（九二共识）   - 4 = 四个尊重  左上角是中国共青团团徽。  ✅ 总结：这不是表达情绪的表情包，而是用爱情数字包装的政治口号记忆图，常用于青年教育或宣传场景。,https://emoji-src.mcunc.net/9190031c-97f5-493e-80c7-906f7cecf500.jpg
委屈巴巴 / 撒娇求抱抱,https://emoji-src.mcunc.net/65b33b9a-52a7-40ee-9bc3-f611a1a4fce1.jpg
开心大笑 / 哈哈大笑 / 超级快乐,https://emoji-src.mcunc.net/8b78164a-e3f2-4499-bfb4-8ac21858074c.jpg
思考中 / 疑惑 / 在想什么,https://emoji-src.mcunc.net/3f2dad9a-cb65-4525-a220-52902e06f6aa.jpg
可爱撒娇/萌萌哒,https://emoji-src.mcunc.net/dcf81709-87f5-459c-9dcd-5e918ce98244.jpg
在吗？（半透明人体图，带血管骨骼，略诡异）,https://emoji-src.mcunc.net/4e3eaa6b-e72a-43c1-97af-93a0edb3fe7e.jpg
在吗？（戴帽猫举炸鸡和可乐，等你一起吃）,https://emoji-src.mcunc.net/dc7d80eb-4475-4749-9c8d-6f2969144e1a.jpg
思索,https://emoji-src.mcunc.net/1347aa2f-a754-4e2e-b694-606e30ed25ae.jpg
开心大笑 / 哈哈狂笑 / 笑到停不下来,https://emoji-src.mcunc.net/954ada03-4edb-405f-96a0-404d7587417f.jpg
坏笑 / 得意 / 皮一下,https://emoji-src.mcunc.net/46640c7d-8874-42d5-a42f-e49bfa8d8b61.jpg
谁动我蛋糕？（带点傲娇+威胁感）,https://emoji-src.mcunc.net/fba75320-36b9-45ca-b70c-80a3c333f4a4.jpg
震惊 / 吓到 / ？？？,https://emoji-src.mcunc.net/a12f75df-3d63-4175-923e-79ddadda01ff.jpg
您一无所获 —— 表示“没得到任何东西”或“白忙一场”，常用于游戏或抽奖后空手而归的无奈调侃。,https://emoji-src.mcunc.net/d95ac883-5a7e-455f-929d-8d33ddb77113.jpg
擦汗，紧张/尴尬,https://emoji-src.mcunc.net/efe917a6-29a2-4309-a26a-4b9660f3da09.jpg
萌系猫耳少女，眨着大眼睛，一脸无辜+呆萌，适合表达“在吗？”“？？？”“你再说一遍？”或单纯卖萌撒娇。,https://emoji-src.mcunc.net/80c63f83-eb8b-42ee-a6f1-7a25e1850b33.jpg
比耶眨眼，可爱卖萌 😊✌️,https://emoji-src.mcunc.net/b3a1c95e-e48f-4e01-a0f3-1a0439bb1f48.jpg
在吗？（小猫盯着手机，一脸期待）,https://emoji-src.mcunc.net/74bd549a-8d90-465d-8822-32c901fdc6c7.jpg
哭哭，委屈求抱抱,https://emoji-src.mcunc.net/6fe1d467-52d1-4b0c-962d-4771a420f751.jpg
困了 / 想睡觉,https://emoji-src.mcunc.net/2c6421fc-6bdc-447e-b0d7-4ee2f8f4fc9d.jpg
？（一脸懵/疑惑）,https://emoji-src.mcunc.net/7d1b90f8-bff9-4215-9b90-a6503ff2ce09.jpg
“宝宝你也太压抑了” —— 用温柔语气表达对对方情绪的察觉与心疼，常用于安慰或调侃对方压力大、太内敛。,https://emoji-src.mcunc.net/eaf0dcc2-1b2f-49a8-8638-526a1b60f009.jpg
困了 / 想睡觉,https://emoji-src.mcunc.net/07348f3e-dc47-4cc1-9237-2a2c23798711.jpg
？（疑惑/懵圈）,https://emoji-src.mcunc.net/19520f0f-4634-4316-9a0a-b9922486a42f.jpg
委屈哭诉：啊我草群友怎么那么坏,https://emoji-src.mcunc.net/c00118c7-fbff-4bf1-85be-90c3d1227e45.jpg
？（疑惑/懵圈）,https://emoji-src.mcunc.net/3e30d21a-6c2b-469a-889d-45407c527e33.jpg
群友聊天好有趣啊 —— 表情包主角躺床上笑到捂嘴，一脸“被群聊逗乐”的欢乐感。,https://emoji-src.mcunc.net/6ffbdf87-82a0-423a-9741-59aa2cfa8a8c.jpg
爱心，喜欢你,https://emoji-src.mcunc.net/51601e8f-5e3d-4b83-bcef-7967d5531a5f.jpg
？（疑惑/懵圈）,https://emoji-src.mcunc.net/29ad913d-da64-455b-9285-3c66e7053d5d.jpg
开心微笑 / 满足/ 可爱卖萌,https://emoji-src.mcunc.net/f4a349e7-f522-4583-a542-bbdb0aaafb50.jpg
在吗？（海豹歪头+胡须，萌态询问）,https://emoji-src.mcunc.net/e4a7e63e-a4bd-4fa2-8f9f-67086ae1fc55.jpg
无语 / 厌世 / 懒得理你,https://emoji-src.mcunc.net/81358c3b-35b0-4a0e-ae1b-b0a52bc387ac.jpg
与世无争，两腿一蹬（躺平/放弃抵抗）,https://emoji-src.mcunc.net/d911222c-47bb-49b9-b8d2-f3296bc684da.jpg
害羞/脸红捂嘴,https://emoji-src.mcunc.net/a01907ff-c523-42d0-a213-35c5c3eb9461.jpg
开心大笑 / 哈哈，超开心！,https://emoji-src.mcunc.net/6ed49f63-a0cb-418e-9548-195c0b6ebe56.jpg
蓝的盆…（无奈/无语/疲惫）,https://emoji-src.mcunc.net/9eaa7ebe-8c2b-4d71-aed4-ca9a21a0a723.jpg
戴斗笠的忍者小人，表情淡定，像在说“我在”。,https://emoji-src.mcunc.net/f2a00c92-a528-4acd-bc50-3f555f996342.jpg
10/10满分好评！（带爱心，超满足）,https://emoji-src.mcunc.net/48f2586e-54c5-47ca-bc9a-782c7859b026.jpg
妈！（撒娇/求关注/装可怜）,https://emoji-src.mcunc.net/f50adebf-2971-42fb-bc22-ae8cae62f799.jpg
妈！（撒娇/求关注/装可怜）,https://emoji-src.mcunc.net/16eb6926-7492-442f-a173-30855afe45ea.jpg
可爱小猫，眨眼睛卖萌 😊,https://emoji-src.mcunc.net/93e4c1a6-0ef7-44d4-9ced-bec3099ab9de.jpg
你！（带点撒娇/得意的语气）,https://emoji-src.mcunc.net/4b3991db-b959-4918-b4ff-9f5729cc28e3.jpg
无语+摆烂   （配文“如何呢 又能怎” 表达无奈躺平）,https://emoji-src.mcunc.net/227b32ac-bf75-4cd7-afec-e15451c5ae7b.jpg
？（疑惑/不解）,https://emoji-src.mcunc.net/69b5f569-8471-4245-a8b7-c0646acd9213.jpg
？（头上转圈加载中，一脸懵/等待中）,https://emoji-src.mcunc.net/61e2933c-a7e9-4fc4-9f18-f5c77f2a4393.jpg
？（疑惑/无语）,https://emoji-src.mcunc.net/68500f55-a4a8-492b-9359-65b16e9a9e1f.jpg
喝奶茶，满足又可爱,https://emoji-src.mcunc.net/06b2c99c-ba36-4324-a3d0-b892f3c5875d.jpg
？（头戴机甲头盔的企鹅，一脸懵）,https://emoji-src.mcunc.net/93bc8f04-73b8-4db8-889a-349225b0b6b3.jpg
比心+ wink，撒娇/示爱表情,https://emoji-src.mcunc.net/9d697256-5215-49f9-b904-0654ab36ee4b.jpg
生气 / 暴怒 / 爆发中,https://emoji-src.mcunc.net/39672663-d1ff-478c-99e9-1a2a2fe4cb00.jpg
爱心眼，害羞脸，萌萌哒～,https://emoji-src.mcunc.net/05e92d2c-2a61-4da1-9c2e-e6222db41fc6.jpg
惊讶！（瞪大眼睛+张嘴+感叹号）,https://emoji-src.mcunc.net/a6923bda-ac4c-4226-9904-0a819265c4c1.jpg
？（疑惑/懵圈）,https://emoji-src.mcunc.net/dce589c7-08ca-4a23-8333-e354eac1626a.jpg
你看我聪明吗？——坦克顶上放泰迪熊和圣诞帽，一本正经地问“聪明”，其实是搞笑反差，带点自嘲或卖萌。,https://emoji-src.mcunc.net/9f6bac18-c403-4f9e-9686-f4108326033c.jpg
生气 / 不爽 / 委屈,https://emoji-src.mcunc.net/3b62d979-f45e-4ec8-b13d-58303e705e38.jpg
思考中 / 疑惑 / 在想什么,https://emoji-src.mcunc.net/314c029a-467e-4248-b459-ed947ffc426f.jpg
可爱歪头问“？”，带点懵和呆萌感。,https://emoji-src.mcunc.net/d31f0399-9f26-43f8-87e2-e9e120b8bdf5.jpg
？（疑惑/无语）,https://emoji-src.mcunc.net/86ba81d0-0c3c-4b20-89fa-db3006ec8ec0.jpg
？（一脸懵/困惑）,https://emoji-src.mcunc.net/bc85836b-a1f5-4adb-a5a9-da73a02551c1.jpg
？（疑惑/懵圈）,https://emoji-src.mcunc.net/60a76355-a69c-4c3a-97fa-490ca51b93f1.jpg
？（疑惑/懵圈）,https://emoji-src.mcunc.net/09b059ac-fa23-470a-84ab-07f21c051815.jpg
？（疑惑/懵圈）,https://emoji-src.mcunc.net/ee9e0759-30be-4e42-af88-e0225f7508bc.jpg
蹲着发呆 / 一脸懵 / ？,https://emoji-src.mcunc.net/d0671f70-71f0-4da6-8ceb-4ef79f7734f6.jpg
哭哭，委屈,https://emoji-src.mcunc.net/4f5e8a5f-873c-4ccb-bea6-3402a8fb0ab1.jpg
？（疑惑/无语）,https://emoji-src.mcunc.net/c3d4eac4-d9ee-413d-91a7-e85446e24876.jpg
？（歪头懵懂脸）,https://emoji-src.mcunc.net/d2835a3e-9495-4e4e-933f-b2c9485ba355.jpg
？（惊讶/懵圈）,https://emoji-src.mcunc.net/4d9ab346-1d0a-4b4a-9648-94bd1be09253.jpg
在吗？（猫脸懵懂+麦克风）,https://emoji-src.mcunc.net/e67d0aca-dc83-4ba9-91d7-d2d94c21965a.jpg
震惊 / 吃惊 / 啊？,https://emoji-src.mcunc.net/450d93da-7ee9-43b3-80cb-573a1f565ca9.jpg
委屈巴巴地蹲在角落，像在说“别找我…”,https://emoji-src.mcunc.net/610b3faf-cdac-4d84-9a69-d7fafaf5b4a7.jpg
开心/撒娇/爱心脸,https://emoji-src.mcunc.net/6dc5dbc0-7b8f-4d88-9643-dceef54dce62.jpg
彩虹眼萌笑 😊🌈   （可爱+多彩+开心）,https://emoji-src.mcunc.net/bc608d94-81ae-40be-ad25-cd68ebf60e4d.jpg
在吗？（带点俏皮猫耳，微笑看着你）,https://emoji-src.mcunc.net/c91ca435-fd6c-4d06-8b62-3fd2e336f1b6.jpg
想来，但鼠标在吃饭（无奈/调侃）,https://emoji-src.mcunc.net/6cd44c02-8f28-4198-91bd-2068bdced61b.jpg
？（疑惑/懵圈）,https://emoji-src.mcunc.net/51de3247-de15-49bd-96b9-732d039edbd3.jpg
？（一脸懵/疑惑）,https://emoji-src.mcunc.net/b50f08bc-974e-4be7-8950-61f629f5c989.jpg
预感不对 / 有事要发生,https://emoji-src.mcunc.net/50319c0a-ed70-473a-8c67-9434da2658bd.jpg
不行了 / 崩溃 / 撑不住了,https://emoji-src.mcunc.net/2f2157a9-5753-425b-9197-4d0780cb9939.jpg
哭哭，委屈，求抱抱,https://emoji-src.mcunc.net/a43e1a3a-b894-45be-af85-3d290339e625.jpg
躺平,https://emoji-src.mcunc.net/e6310b22-f3dd-4a8b-b1fe-c972875441bf.jpg
在吗？（戴着帽子、手拿炸物和饮料的猫，一脸懵/等回复）,https://emoji-src.mcunc.net/12a90c11-d47b-44e6-801a-87f7e8920ff7.jpg
生气，握拳憋屈状,https://emoji-src.mcunc.net/5ed73ff0-cc44-4706-ac05-d3490b11088e.jpg
吃甜点，满足～,https://emoji-src.mcunc.net/bac6823b-433f-4896-a77c-42cd713f5634.jpg
吃薯片，懵懵的,https://emoji-src.mcunc.net/51d9efdf-8412-4996-af85-579520b256a9.jpg
在吗？（手指正要点下红色按钮，带点催促或疑问）,https://emoji-src.mcunc.net/a85eeaec-0155-497c-ace0-2e7221a18a78.jpg
在吗？（带点呆萌/疑惑感）,https://emoji-src.mcunc.net/129bb4d3-df4c-4867-9b0b-b91dd3178b66.jpg
萌萌的蓝猫，闭眼微笑，像在打呼噜或很满足～,https://emoji-src.mcunc.net/d39be53c-83b0-4c8f-8273-81a6fee80d14.jpg
生气，炸毛，暴走中！,https://emoji-src.mcunc.net/d01a02bf-a516-4244-8310-5efaeca736ed.jpg
亲密度下降,https://emoji-src.mcunc.net/da7fcbf5-6433-4356-911a-da5e60968bed.jpg
？（一脸懵 / 不解）,https://emoji-src.mcunc.net/1c811fe3-d1b7-43a4-b882-4db92c8ae4de.jpg
？（一脸懵/无语）,https://emoji-src.mcunc.net/8ad6e7c7-e051-4c54-b4db-cea4475a2ac9.jpg
他没理由封 —— 表达对某人被封禁的质疑或不满，常用于网络争论中。,https://emoji-src.mcunc.net/53b7a310-c049-4701-84a3-94ca98929b3f.jpg
“将大脑和直肠联通！” —— 用来吐槽或调侃某人言行愚蠢、逻辑混乱，像脑子和直肠连通了一样“直来直去”没思考。常用于搞笑或讽刺语境。,https://emoji-src.mcunc.net/c90cebdf-ed8b-496e-86bd-03b2d761201a.jpg
“手段太多” —— 表情严肃、手势有力，常用于表达“我有很多办法对付你”或“别小看我”的自信/威慑感。,https://emoji-src.mcunc.net/7f618467-f4d6-404a-92d7-2363928e9458.jpg
服主约吗？——我在处理。   （简洁版：约吗？处理中。）,https://emoji-src.mcunc.net/5d4aa0a7-e62c-483e-a503-5906e4ba9d11.jpg
？？？（奶茶浇肠粉，离谱操作）,https://emoji-src.mcunc.net/5934980c-d4f9-40a1-83dc-4f60f0d12085.jpg
生气 + 嘴角上扬（带点邪气/傲娇）,https://emoji-src.mcunc.net/222dd39c-852b-4cc0-8d60-312ad6e0673e.jpg
前途光明（赞赏）,https://emoji-src.mcunc.net/6847e161-e447-43b3-8538-b7e0ea089f16.jpg
？（疑惑/懵逼）,https://emoji-src.mcunc.net/d72313c2-de87-4ea5-99d7-982a575bba10.jpg
可爱猫耳少女，歪头微笑，萌态十足 😊,https://emoji-src.mcunc.net/da31d4ba-fe98-43e4-8387-656dd9e89c93.jpg
沉思 / 在想事,https://emoji-src.mcunc.net/a43f69bf-90d6-44d0-8119-3ba3df092176.jpg
委屈巴巴，快哭了,https://emoji-src.mcunc.net/6bfd3721-6989-47b0-ba4d-0c16b1ae289c.jpg
可爱萌系，带点呆萌无辜感，适合表达“在吗？”“求关注”“软萌撒娇”等情绪。,https://emoji-src.mcunc.net/a9ff8e03-abb9-4f84-9e85-3d5a7faff877.jpg
可爱滴捏！（开心兴奋）,https://emoji-src.mcunc.net/5bff7d4f-c022-420b-9eab-d5660d61f3ef.jpg
生气，怒目而视，随时准备开打。,https://emoji-src.mcunc.net/56c4683a-a915-4f16-ad66-99a1b8046fa2.jpg
？（疑惑/思考中）,https://emoji-src.mcunc.net/a544bc84-3328-4f6b-8f04-fbd91a098437.jpg
思考中 / 疑惑 / 在想事,https://emoji-src.mcunc.net/f4fe011a-2287-4d90-9b7f-63e30e561124.jpg
在吗？（带点小紧张或偷看感）,https://emoji-src.mcunc.net/0fcb53bc-63a5-4c49-8a15-e1d58e5c0403.jpg
太恶俗了（表示嫌弃/无语/吐槽）,https://emoji-src.mcunc.net/dd96816a-ed70-4e97-b421-49a033162492.jpg
委屈巴巴，快哭了,https://emoji-src.mcunc.net/b1e1ecf3-7af7-44b9-9232-7c4935db01ff.jpg
？（疑惑/发呆）,https://emoji-src.mcunc.net/78370c9c-3210-4082-a9df-ff7827d680a3.jpg
在吗？（萌系小猫耳女孩探头）,https://emoji-src.mcunc.net/d76d8dce-b398-4290-8ec5-1132c9473ebc.jpg
生气,https://emoji-src.mcunc.net/514e8eba-1d22-4e63-8712-047f4117d755.jpg
硬盘：在吗？我快挂了…,https://emoji-src.mcunc.net/ac376d59-5b65-4c83-8aa1-287f2a93267f.jpg
在吗？我正给你主板上硅脂呢。,https://emoji-src.mcunc.net/2a1161a0-5378-4e84-8a77-e528cbbdb048.jpg
生气，不爽，瞪眼,https://emoji-src.mcunc.net/f6139f91-b373-4a0d-868b-0ac065596063.jpg
开心大笑 / 哈哈大笑,https://emoji-src.mcunc.net/5daa3bfa-d28d-4649-9dbd-cc35475413be.jpg
困了 / 打哈欠,https://emoji-src.mcunc.net/3ba436a2-1476-498b-85ea-238277185936.jpg
生气，跺脚，气鼓鼓,https://emoji-src.mcunc.net/0d1a5099-2d94-41de-8edb-4c23da5a21eb.jpg
懵圈 / 无语 / 不知所措,https://emoji-src.mcunc.net/4e16e021-015d-405f-8314-9082c22e5d6e.jpg
在吗？（带点贱兮兮的笑）,https://emoji-src.mcunc.net/39ccf240-5416-47b8-8327-b7e95081f414.jpg
装逼翻车 / 硬件拉胯还嚣张,https://emoji-src.mcunc.net/6a14e428-1eda-4348-b43b-b1d508e919d2.jpg
干嘛……（带点懵/无语/被叫住的反应）,https://emoji-src.mcunc.net/0ce8f446-2fb9-4918-bab9-b725423b0d74.jpg
吃糖葫芦的萌系小猫娘，表情可爱又满足～,https://emoji-src.mcunc.net/d0918c2e-2d2c-4b7c-ab59-cbe3d89a3ad5.jpg
生气，炸毛中,https://emoji-src.mcunc.net/ad2c3518-5a6c-4b4d-929a-cbab8f57bca5.jpg
生气，不爽，带点傲娇,https://emoji-src.mcunc.net/57c07031-6a44-48e5-bbbb-95468d1d374c.jpg
？（一脸懵/疑惑）,https://emoji-src.mcunc.net/37dbeaae-0ed8-4d30-a76c-3b3494bc8d9c.jpg
？（一脸懵/困惑）,https://emoji-src.mcunc.net/0bf711d5-ad89-430e-b56f-73734b8cdc5f.jpg
亲密度下降,https://emoji-src.mcunc.net/c52d04e9-8e27-4fff-afe9-8ba0184da8b5.jpg
亲密度下降,https://emoji-src.mcunc.net/500aaa5e-878c-49da-958b-ce193fc90b76.jpg
亲密度↑（配爱心，表示感情升温/关系变好）,https://emoji-src.mcunc.net/353eed79-c952-489d-a95f-fcedc3a71a7a.jpg
在吗？（萌系半睁眼探头表情）,https://emoji-src.mcunc.net/4348fe37-f18d-4652-b313-fbeb1ed76011.jpg
生气,https://emoji-src.mcunc.net/749f3cd6-a7b0-477e-bbe6-b7733953a1c2.jpg
低头沉思 / 无语 / 心累,https://emoji-src.mcunc.net/c52aac71-a86b-42d9-a7bf-4c3191e30e77.jpg
在吗？（戴帽猫一脸懵）,https://emoji-src.mcunc.net/70568768-ace2-498c-ba90-f8bb68b3bb13.jpg
死了（躺平/累瘫/摆烂）,https://emoji-src.mcunc.net/6366f3f3-e739-4c6f-843a-63131ba4e43c.jpg
在吗？（带点委屈+期待）,https://emoji-src.mcunc.net/3e49b774-328b-43bd-ac16-0f8eaf0a2a18.jpg
？（疑惑/无语）,https://emoji-src.mcunc.net/520341bd-0a58-45c6-97ec-29c8ea1eeb3d.jpg
抱着小熊的猫耳少年，眼神温柔带点害羞，适合表达“在呢”“抱抱”“乖巧等待”等软萌情绪。,https://emoji-src.mcunc.net/cf9807c1-f298-4f39-a01d-eba0dc6120c0.jpg
？（一脸懵逼/困惑）,https://emoji-src.mcunc.net/41f6efce-706a-4db2-958f-757556b19345.jpg
哭唧唧 / 委屈巴巴,https://emoji-src.mcunc.net/707dc06f-37d7-463d-bd0b-1f6480c7d873.jpg
酷，装逼，淡定,https://emoji-src.mcunc.net/b676b379-41de-4f77-8bd0-52e8bef3dd8c.jpg
苦命鸳鸯哈哈哈 —— 无奈又搞笑地抱着两只小鸭，自嘲“苦命鸳鸯”,https://emoji-src.mcunc.net/c3b89bc1-42fa-4677-8b4e-82b65592bc43.jpg
在吗？（配合举手、张嘴、举绿勾牌的夸张动作，带点搞笑和催促感）,https://emoji-src.mcunc.net/834bb28b-a192-4ca9-874d-871dbdc6c3da.jpg
生气，不爽，皱眉抱臂,https://emoji-src.mcunc.net/9e440771-ee35-450e-bed8-a023061c84e0.jpg
在吗？（带点呆萌+好奇）,https://emoji-src.mcunc.net/48d757a8-e2a9-4afe-89b8-927c1c965aa6.jpg
别小看我的情报网！你刚才在导管！对吧。   → 语气：得意+揭穿 + 带点调侃   → 适用场景：发现对方“小动作”后，装侦探戳穿，带点俏皮威胁感   → 简化版关键词：**“我都知道！” / “别想瞒我！” / “抓到你了！”**  （可配图用于群聊、私聊中“破案”时刻，尤其适合吐槽朋友偷偷摸摸干某事）,https://emoji-src.mcunc.net/00530d6a-1af8-4dbd-b73a-aef1625e163e.jpg
？（一脸懵/震惊）,https://emoji-src.mcunc.net/5b96f0e7-27db-465f-8d94-c2ee84fd33e5.jpg
“加我粉丝团” + 举红叉 → 拒绝 / 不同意 / 别来烦我,https://emoji-src.mcunc.net/804c8ffe-32fd-4a63-8d0c-5569a9fe36c3.jpg
？（猫戴帽，一手肉夹馍，一手青椒，一脸懵）,https://emoji-src.mcunc.net/24769bb8-40bc-4e68-9331-f3b30071bf12.jpg
？（疑惑/懵圈）,https://emoji-src.mcunc.net/6a0909d5-4c2a-463b-91a2-6e845b0d8817.jpg
在吗？（猫趴在快递盒上，一脸无辜）,https://emoji-src.mcunc.net/0c382393-2486-409d-9d41-92e7476454f6.jpg
开心大笑,https://emoji-src.mcunc.net/63efeb1c-262a-4b32-b8a6-015b95ca0241.jpg
安心呢～（闭眼趴着，萌态十足）,https://emoji-src.mcunc.net/3fc2f3c5-af56-422b-8fbb-db9b3da42b2c.jpg
在吗？（手持麦穗，面带微笑望向镜头）,https://emoji-src.mcunc.net/e5aae3b1-420e-4eec-b218-a2755f39800d.jpg
困了 / 犯困 / 没精神,https://emoji-src.mcunc.net/e950679e-9ba6-469d-ba92-cd78c1c7bd58.jpg
？（疑惑/懵圈）,https://emoji-src.mcunc.net/46db9df3-5477-4e6a-8872-1a4088f250a8.jpg
踢腿攻击 / 动作搞怪,https://emoji-src.mcunc.net/8103c881-ff68-4027-8b85-3b2f1cce5fe7.jpg
心情↑（心情变好/情绪上升）,https://emoji-src.mcunc.net/0b08955f-8214-4adc-8b1e-5b010a0cc272.jpg
全身敏感度↑（粉色发光字体，带上升箭头，常用于暗示或调侃“感官增强”）,https://emoji-src.mcunc.net/7d49f4fe-dd43-4e14-89c1-2aca438a5a18.jpg
在吗？（配图：康师傅红烧牛肉面 + 冰红茶 + 戴帽猫）   —— 暗示“饿了/渴了，该请我吃喝了”,https://emoji-src.mcunc.net/be22c8f8-6cd3-430d-8223-aa6b04d1f305.jpg
在吗？（夸张嘟嘴+翻白眼）,https://emoji-src.mcunc.net/6c1af2f1-aff0-4f36-8778-ec05bec3d078.jpg
生气，叉腰瞪眼，小狐狸炸毛中。,https://emoji-src.mcunc.net/7e85be6e-b01a-4ef7-8799-f43bfc6c0863.jpg
我觉得OK,https://emoji-src.mcunc.net/58ae198f-fd4a-43e6-a898-389e44f0e0cd.jpg
笑而不语 / 微笑暗示,https://emoji-src.mcunc.net/8cb67760-778d-424e-8bf3-b5e7a99e43da.jpg
？（疑惑/懵圈）,https://emoji-src.mcunc.net/3866a6b8-7f60-401e-b1a4-32820095f9db.jpg
在吗？（专注盯屏幕，略带疑惑）,https://emoji-src.mcunc.net/6800da84-beda-4ae7-9882-cbde018ed05a.jpg
哭哭，委屈求抱抱,https://emoji-src.mcunc.net/65e98a95-9487-43c9-b9f3-ac316bcb3d3c.jpg
？（疑惑/懵圈）,https://emoji-src.mcunc.net/e8cd9552-1a55-423a-a089-94859ae05325.jpg
我没招了（无奈/认输/无语）,https://emoji-src.mcunc.net/29903dfb-5b15-4758-bfcb-d908da847305.jpg
生气，被窝里瞪眼,https://emoji-src.mcunc.net/f6eef338-0d43-42e0-811e-e25238af6e0c.jpg
可爱猫耳女孩举手打招呼，表情萌趣，常用于“在吗”或“你好呀”等轻松问候场景。,https://emoji-src.mcunc.net/4fcdd2e5-f895-4a0b-a8a8-0d36cd8cff46.jpg
老资历我敬你 —— 表达对资深人士的佩服或调侃，常用于职场或经验对比场景。,https://emoji-src.mcunc.net/573e71df-2fae-4981-b7cc-b7669a94537e.jpg
正在破解九妖会员 —— 表示“我正在搞点技术活儿”或“我在偷偷干大事”，带点装酷和幽默感。,https://emoji-src.mcunc.net/2875b138-c7c2-40d4-8e6c-d5ed385b10f3.jpg
？（疑惑/懵逼）,https://emoji-src.mcunc.net/64f0eba1-7c92-47d0-b113-9a791be9f691.jpg
？（惊讶/懵圈）,https://emoji-src.mcunc.net/33eff701-e9ee-48bf-9fdb-e3a62a36a62a.jpg
？（疑惑/懵逼）,https://emoji-src.mcunc.net/de983d65-908c-4539-9f31-be65fd870b49.jpg
“加我粉丝团” + 举红叉 → 拒绝 / 不同意 / 别来烦我,https://emoji-src.mcunc.net/a1f84c70-86f4-4e2f-b488-7442e9e01747.jpg
兴奋/激动/成功！   （人物张嘴欢呼，举着绿色对勾牌，表达喜悦或确认达成）,https://emoji-src.mcunc.net/8e03aa98-86db-416a-82f8-968c95e0afb5.jpg
上不来气了，兄弟 —— 表示累到虚脱、喘不过气，带点搞笑和无奈的语气。,https://emoji-src.mcunc.net/a486b910-ada5-4aa6-b438-1bc9520380c3.jpg
戴VR眼镜的猫耳女孩，一脸沉迷/专注。,https://emoji-src.mcunc.net/3e0e617b-9c4b-417b-8d31-6c857259c5fd.jpg
喝热饮，暖和/舒服,https://emoji-src.mcunc.net/8daf9ee5-4e8f-4ef4-8c1b-18b36c1af953.jpg
“肯定有什么不可告人的秘密” —— 表达怀疑、八卦、脑补剧情，常用于调侃对方手机/行为有猫腻。,https://emoji-src.mcunc.net/0ba1772e-5329-4c7e-a75d-8aacd1269199.jpg
？（歪头疑惑脸）,https://emoji-src.mcunc.net/b9b0ad6a-0a3a-4d78-8d03-47b1972ab25c.jpg
嘘——别说话，我在偷偷发爱心！,https://emoji-src.mcunc.net/b50f7372-9d1b-4e7f-8711-74b6d46299fd.jpg
震惊+记录中   （摄影师被萌到震惊，默默拍下这幕）,https://emoji-src.mcunc.net/47e4281a-3439-43d0-bb23-5bb049d21c1f.jpg
我正要看看 —— 表示好奇、准备围观或即将揭晓真相的期待感。,https://emoji-src.mcunc.net/bb2cb443-35a0-40b8-b7df-93ae033bd76c.jpg
思考中 / 沉思 / 在想事,https://emoji-src.mcunc.net/3f7a901d-74fd-42ca-b88d-34279d8163ef.jpg
目标失衡！（配图：粉色小马摔倒/翻滚的搞笑画面）   —— 表达“翻车”“扑街”“计划泡汤”的无奈或搞笑崩溃状态。,https://emoji-src.mcunc.net/1a97088d-c303-49cc-b8d1-fbe747c5c85b.jpg
？（惊讶/困惑）,https://emoji-src.mcunc.net/8d4791d6-4a22-4a2a-848f-ffc897a9157b.jpg
不开心 / 生气 / 闷闷不乐,https://emoji-src.mcunc.net/51f09fb3-7160-4dd3-bbe1-3a315d77b815.jpg
亲密度↑（表示关系变好、感情升温）,https://emoji-src.mcunc.net/64c3710b-b94b-4471-8150-345fb416d643.jpg
投降喵 —— 可爱卖萌式认输/求饶表情,https://emoji-src.mcunc.net/04cd96b5-36c4-4888-be4e-0d8cbf5be54b.jpg
？（疑惑/懵圈）,https://emoji-src.mcunc.net/1f979556-81d2-4faa-8c49-1de44d9a2f06.jpg
？（一脸懵/困惑）,https://emoji-src.mcunc.net/7a4330bc-f88d-4609-9231-faf5911a84ae.jpg
哈~！（嚣张/得意地笑）,https://emoji-src.mcunc.net/bc48979f-c364-4fec-abc8-7cd4de21969a.jpg
生气质问：你干嘛呢！,https://emoji-src.mcunc.net/d7909d16-9bd9-49ce-85b5-d85af9c18cfd.jpg
？（疑惑/不解）,https://emoji-src.mcunc.net/8cf01952-23f0-4b78-8ab0-208f25c7a640.jpg
已睡着 / 灵魂出窍 / 精神离线,https://emoji-src.mcunc.net/41d30277-bdc2-4711-9bc0-35b5131610a3.jpg
装傻 / 装听不见,https://emoji-src.mcunc.net/5901270e-61fd-4643-a9ea-f461a8b705cc.jpg
？（疑惑/懵圈）,https://emoji-src.mcunc.net/d19e85a9-3a73-4c60-8c39-6460f65eaa73.jpg
紫色方块，无表情，像在发呆或等待。,https://emoji-src.mcunc.net/a1bd3e13-ac2b-42b1-bb57-ec7939c65011.jpg
在吗？（戴帽猫举炸鸡和可乐，等你一起吃）,https://emoji-src.mcunc.net/36db4299-9744-4c5f-a839-29c2304a5510.jpg
？优化？（一脸困惑+举牌）,https://emoji-src.mcunc.net/423ccbe6-d2c8-49e3-8580-1b318d9df6a8.jpg
？（疑惑/懵逼）,https://emoji-src.mcunc.net/e11a9b27-a4c2-4004-a2f2-3862b21ed58e.jpg
宇宙级无语 / 看破红尘的沉默,https://emoji-src.mcunc.net/879d5ede-2a09-4e0f-8941-69e3a731d3f0.jpg
正在玩《鸣潮》（“旮旯给木”为谐音梗）   —— 表情包含义：我正沉迷游戏，别打扰我。,https://emoji-src.mcunc.net/d4467c0a-06c3-4d1c-805f-49bcd968b014.jpg
害羞/脸红/低头捂脸（带黄瓜头饰）,https://emoji-src.mcunc.net/a3ff294c-b086-4c5b-969b-96b8ec362c0d.jpg
求饶 / 跪求别杀,https://emoji-src.mcunc.net/11fafe63-c9e3-4c31-a860-3b413a9ff5dd.jpg
在吗？（萌系猫耳少女歪头疑问）,https://emoji-src.mcunc.net/0f3298e6-caf3-4441-ab42-60f847d69fc7.jpg
？（头上冒问号，一脸懵）,https://emoji-src.mcunc.net/77644567-2380-46f4-b408-a1f19d176a08.jpg
“在吗？” —— 用指尖轻点屏幕，带点俏皮和期待的询问。,https://emoji-src.mcunc.net/077fbcc8-34c7-48dd-b40b-f256cd21bfa6.jpg
生气，不爽，瞪眼,https://emoji-src.mcunc.net/27357852-59ce-4ae2-8836-04b3dff18f9a.jpg
萌萌探头，可爱发问：“在吗？”,https://emoji-src.mcunc.net/3430d527-97ca-4bc5-b15b-d8afb7963bb0.jpg
在吗？（带点呆萌/无辜感）,https://emoji-src.mcunc.net/84978de4-c65e-4f5d-9d06-690484143e33.jpg
？（疑惑/懵圈）,https://emoji-src.mcunc.net/52cec054-c9f0-491c-813d-4e3a4f3f2074.jpg
生气，炸毛，委屈又暴躁的猫耳少女,https://emoji-src.mcunc.net/37073e0e-9b84-4a62-aa37-9603462e1ec7.jpg
在吗？（带点傻笑/期待）,https://emoji-src.mcunc.net/cfa277d5-f4ae-462d-aa49-58f0e848d494.jpg
思考中 / 疑惑 / 在想什么,https://emoji-src.mcunc.net/d6e2339b-689a-4cc9-b557-829436259e89.jpg
在吗？（猫举手指，带点萌萌的询问感）,https://emoji-src.mcunc.net/e0a90765-5e4a-4f66-a255-926984f873d5.jpg
？（猫：我在这儿，你找我？）,https://emoji-src.mcunc.net/71f7510a-26ba-44c2-ba1d-ef74804d3e31.jpg
在吗？（猫戴着口罩探头，一脸“你找我？”）,https://emoji-src.mcunc.net/e49b5dc3-6f25-4990-a956-1c02457f73fb.jpg
流口水，馋了 / 想吃,https://emoji-src.mcunc.net/dcd0d2ef-3c9f-48fe-b85a-ef59cd154dba.jpg
害羞/低头脸红,https://emoji-src.mcunc.net/944d40c7-acfd-40dd-acf5-022952eb4224.jpg
？（疑惑/懵圈）,https://emoji-src.mcunc.net/ee706f22-6d44-47ec-9184-31c472e15692.jpg
？（一脸懵/好奇盯着食物）,https://emoji-src.mcunc.net/3a7e3338-6f72-4379-a2ee-8d9f597baa1b.jpg
可爱猫耳少女，头上戴花+闪光特效，脸颊泛红，眼神呆萌带点小得意 —— 适合表达“我超可爱吧！”或“被夸害羞了”的心情。,https://emoji-src.mcunc.net/26b2837a-01c2-44be-abb9-65a4052211a4.jpg
？（疑惑/无语）,https://emoji-src.mcunc.net/a9c0bd56-e849-4f89-9f1e-312c61c9970e.jpg
？（疑惑/震惊）   ——“难道他真的是赋能哥？” 表情包常用于表达对某人身份或能力的意外怀疑或调侃。,https://emoji-src.mcunc.net/cee26371-1d37-4bb0-a7de-68173700089c.jpg
困了 / 犯困 / 没精神,https://emoji-src.mcunc.net/3a5563f4-d7d5-46f0-af4e-a880eb8068a1.jpg
？（疑惑/懵圈）,https://emoji-src.mcunc.net/b6389016-344b-413b-880a-fc71bdb4da3c.jpg
和伊未？（疑惑/搞不懂）,https://emoji-src.mcunc.net/a001fa9c-1939-4745-a882-b15b1657bd2e.jpg
微笑+竖大拇指，表示“好”“赞”“没问题”,https://emoji-src.mcunc.net/822664c3-efdb-4e0f-8f53-0639cca88dd3.jpg
手机没电了？,https://emoji-src.mcunc.net/679b6e21-7fd7-4f74-918e-c815757493f0.jpg
你的上网时间到头咯 —— 老鼠咬断网线，暗示断网/被限速/网络崩溃。,https://emoji-src.mcunc.net/41f08473-9a14-4914-a14c-9d85a1b36367.jpg
低头委屈，带点小傲娇,https://emoji-src.mcunc.net/1995aa6a-8dc7-4b43-a4b3-afa5e4ef1be8.jpg
？（疑惑/无语）   —— 看着“深情银耳汤”配“堕落王子”“典狱长”，再看“迷茫的小龙虾”配“蓝鹰副驾驶员”，画风突兀又莫名和谐，让人一脸问号。,https://emoji-src.mcunc.net/4d286e59-c70a-4b0c-a4a5-5488c9c9de62.jpg
？（一脸懵/惊讶）,https://emoji-src.mcunc.net/15532688-4654-436f-8f10-022f0ad97463.jpg
乖巧低头，带点无辜/认错感,https://emoji-src.mcunc.net/1e90d829-3922-41c4-bbd1-2d85b41d464c.jpg
？（戴眼镜的猫，一脸困惑/质疑）,https://emoji-src.mcunc.net/df11f63c-aa01-45d2-b82e-68816f3aeeb5.jpg
品鉴中…（带点装酷+专业评审感）,https://emoji-src.mcunc.net/8a44fa25-59f1-49cd-a709-102c18ea3d43.jpg
可爱呆萌，带点小困惑或无辜感。,https://emoji-src.mcunc.net/888546b3-112f-4223-9f85-0639d3ff1d4a.jpg
萌系猫耳少女，眨着大眼睛微笑，像是在说“在吗？”或“你好呀~”,https://emoji-src.mcunc.net/07e56fd5-ed24-4459-8055-57be26d092ac.jpg
震惊 / 吓到 / 天哪！,https://emoji-src.mcunc.net/6f72cfe2-fe7d-408b-abbc-90c4e732b9c4.jpg
？（疑惑/懵逼）,https://emoji-src.mcunc.net/d37f9564-574b-4a16-96d0-db339be880b1.jpg
生气，带点傲娇,https://emoji-src.mcunc.net/41611844-1551-4bb0-bce9-6c1f132b5d8f.jpg
大脑宕机 / 瞬间空白 / 想不通了,https://emoji-src.mcunc.net/653e31df-bd05-4eaf-99bd-8173da21ab55.jpg
狂喜 / 放飞自我,https://emoji-src.mcunc.net/8c8e28a6-3f8a-4f81-b87e-2212a3a8bdce.jpg
低头捂脸，无奈/社死/无语,https://emoji-src.mcunc.net/055cf716-b8bf-4334-82eb-cb2386612f41.jpg
躺平 / 无语 / 累了,https://emoji-src.mcunc.net/8f740bf0-7481-4bdc-953a-138b09da95a5.jpg
禁止！生气地举着禁令标志。,https://emoji-src.mcunc.net/5e35af57-6992-4dcb-ab78-c7a22910bdb0.jpg
？（一脸懵/疑惑）,https://emoji-src.mcunc.net/869f57fc-71b4-4330-a9bf-9f702c281d34.jpg
生气，瞪眼猫，配文“阿米诺斯”（网络梗，表不满或嘲讽）,https://emoji-src.mcunc.net/4a41c22e-6699-40e2-8298-cd55c38a5d88.jpg
疲惫、无奈、生无可恋,https://emoji-src.mcunc.net/7c7b1dc4-048c-4375-93e6-e0735a1f5e22.jpg
搭脚脚~（撒娇/卖萌）,https://emoji-src.mcunc.net/1ee5a0f7-368e-4fee-87a9-1f498bc7a05b.jpg
“冒泡”系列成就梗：   1. 刚上线 → “我来冒个泡”   2. 准备潜水 → “冒完泡了”   3. 正式隐身 → “开始潜水”    本质是网络社交中“打个招呼就走”的幽默表达，带点敷衍又可爱的仪式感。,https://emoji-src.mcunc.net/4e293e20-6dc3-4079-8518-b07a40dba66f.jpg
害羞捂脸 + 紧抱玩偶 = 害羞/撒娇/想被安慰,https://emoji-src.mcunc.net/0dcb61da-a1a7-431c-b9da-045ca6dd7865.jpg
抱着小黑猫，呆萌可爱,https://emoji-src.mcunc.net/e8d3254b-c76e-4fa8-b115-c3dc3eed3cb2.jpg
得吃！（表示必须吃/必须拥有，带点魔性上头的满足感）,https://emoji-src.mcunc.net/f2194cd7-036c-4a4f-85fc-86115001f55a.jpg
？（疑惑/懵圈）,https://emoji-src.mcunc.net/8c558013-28a9-4bb6-b698-bd5d09558d31.jpg
看报纸（实则偷窥）,https://emoji-src.mcunc.net/fccdb8e4-7e92-41fb-825c-c2ac73b9bffb.jpg
我嘞个雷啊 —— 表示震惊、无语或崩溃的吐槽表情。,https://emoji-src.mcunc.net/73a6f19c-5f5a-4ade-a71c-390fafd6cb04.jpg
妈？（震惊+懵逼+社死表情）,https://emoji-src.mcunc.net/faa1d3fe-b420-490c-8765-dc5fb4010eb6.jpg
在吗？（猫脸懵逼躺床版）,https://emoji-src.mcunc.net/0103df83-0969-4bc2-bb8b-f33d11c14d7c.jpg
？（震惊/懵逼）,https://emoji-src.mcunc.net/4e32f8d0-73f4-4186-8883-b735deebf4da.jpg
在吗？（举手示意，带点俏皮）,https://emoji-src.mcunc.net/927381b2-53bb-4e03-88a1-d40222f718f8.jpg
？（疑惑/发问）,https://emoji-src.mcunc.net/699937c5-4864-42a3-9153-becbe44320ee.jpg
烤焦了的猫脸，冒着烟——“熟了”或“我裂开了”,https://emoji-src.mcunc.net/d6dc1a7e-913b-4cee-a27d-65a96c022da7.jpg
脑子宕机 / 卡住了 / 无语等待中,https://emoji-src.mcunc.net/ecc39960-7a47-4e34-a310-0e92da137e7f.jpg
惊讶 / 哇塞 / 诶？,https://emoji-src.mcunc.net/44cc0bf6-2141-4e1a-b668-2af83fbc5be9.jpg
在吗？（带点冷淡/无语感）,https://emoji-src.mcunc.net/17d4ca93-a976-4ad7-809e-db446ea10163.jpg
汗颜 / 无语 / 尴尬,https://emoji-src.mcunc.net/c3bc3cd1-23a8-43db-9f21-7f6b56102a33.jpg
点赞+微笑，表示“好”“可以”“赞”“没问题”,https://emoji-src.mcunc.net/beee19d6-9772-471a-83c0-fd2280978091.jpg
生气 / 不爽 / 厌烦,https://emoji-src.mcunc.net/00e4f193-74af-40f7-8722-59d5a5931f92.jpg
苦命鸳鸯罢了……（无奈+泪目）,https://emoji-src.mcunc.net/31c7c7e7-0812-4fbb-821d-e5330bc40ed1.jpg
哭到变形 / 崩溃大哭,https://emoji-src.mcunc.net/a9b8870e-4a13-4b0a-a922-8bdaa4ae54d2.jpg
生气，不爽,https://emoji-src.mcunc.net/540da6b1-2409-469c-9f85-e625d93b5b27.jpg
加载中…（萌系角色头顶转圈，表示等待或卡顿）,https://emoji-src.mcunc.net/d7a6febd-aca2-4ac8-93e0-9463a7f27be3.jpg
生气 / 不爽 / 委屈中带怒,https://emoji-src.mcunc.net/58118fd5-badf-4f60-8fd7-c49443a8be04.jpg
可爱微笑 / 萌萌哒,https://emoji-src.mcunc.net/4fe65342-be14-49e3-b828-045de2a2406a.jpg
“给钱”表情包 —— 萌系猫耳少女举着笔，配文“我很可爱请给我钱”，下方列满支付方式，撒娇索财，可爱又理直气壮。,https://emoji-src.mcunc.net/67e631d4-d937-430f-aa7a-6c7cb4487bee.jpg
？（疑惑/懵圈）,https://emoji-src.mcunc.net/df843cdd-1d8a-4827-99da-33b0374e5318.jpg
？（一脸懵/呆萌疑问）,https://emoji-src.mcunc.net/8c24836f-84d7-4cda-8189-25abac793529.jpg
低头沉思 / 无语 / 心累,https://emoji-src.mcunc.net/c6862b3c-8088-4b81-a86e-9669b84f2a2b.jpg
？（疑惑/懵圈）,https://emoji-src.mcunc.net/9809cb68-aab1-498c-ac5c-165b40fdbe67.jpg
？（惊讶/懵逼）,https://emoji-src.mcunc.net/a6dcc6f6-a2bb-4baf-9a1c-7aa7f2391a16.jpg
？（疑惑/无语）,https://emoji-src.mcunc.net/9a92a226-c411-4aab-8965-c4d4878c9f3f.jpg
憋笑,https://emoji-src.mcunc.net/6814ef99-c16e-45dd-94cc-53af636f1c2d.jpg
玩盲肠人（谐音“Minecraft”）—— 表情包主角是像素风角色，配文“我不要手写 我要玩盲肠人”，表达不想学习/写字、只想打游戏的摆烂心态。,https://emoji-src.mcunc.net/0b6e26ce-cfab-4e66-87b4-43210b4c544a.jpg
震惊 / 崩溃 / 看傻了,https://emoji-src.mcunc.net/bce915d3-8c41-49ef-b656-71092a7a16d6.jpg
馋了 / 想吃 / 流口水,https://emoji-src.mcunc.net/7f4cea3d-5279-47cb-a13c-9fa5a04b4682.jpg
震惊 + 点赞   （表情包含义：对某事感到极度惊讶，但同时又觉得不错/值得点赞）,https://emoji-src.mcunc.net/3327eb27-d1a8-4dc9-bfe4-a211c5cb5273.jpg
你没睡醒吗？（带调侃/无语语气）,https://emoji-src.mcunc.net/8c9d16d5-e2ef-43dd-b81d-1ab9a179c190.jpg
怪盗基德预告：准备偷图，优雅又嚣张。,https://emoji-src.mcunc.net/95e8418b-c1b7-480b-84ab-175e443e0d35.jpg
生气，跺脚，气鼓鼓,https://emoji-src.mcunc.net/97806c6c-773a-4b56-9d87-f68e1ca7be39.jpg
哭哭，委屈，伤心,https://emoji-src.mcunc.net/32e428a8-dcf3-45ab-8452-211e50c10620.jpg
emmm...（表示犹豫、无语、不知如何回应）,https://emoji-src.mcunc.net/d788212d-5c8e-4cfb-9d41-4238c97ff5fd.jpg
在吗？（带点呆萌/猫耳少女探头）,https://emoji-src.mcunc.net/9ce7b77d-fa82-4a23-bffc-340f1310a4cb.jpg
使用 Cloudflare 加速网站前后对比：左绿（慢）→ 右红（快），夸张表现“加速效果显著”。   可配文：“用了Cloudflare，网站从龟速变火箭！” 🚀,https://emoji-src.mcunc.net/cb72929a-de26-43dc-9306-4bdb33f126c6.jpg
躺平，摆烂，无语,https://emoji-src.mcunc.net/9b9e189f-844a-4860-b4dc-4523b965becb.jpg
？（懵圈/呆滞）,https://emoji-src.mcunc.net/d3e4d1f1-8f76-4d12-a2e7-d90772382b59.jpg
形不成形（无奈/自嘲/摆烂）,https://emoji-src.mcunc.net/37e221b2-dc4a-4bd1-8cee-0b5c1a1cf82e.jpg
抱着小猫，萌萌的可爱表情～,https://emoji-src.mcunc.net/afc59aed-43a7-45d1-b51a-8403a74bbfd7.jpg
？（呆萌困惑脸）,https://emoji-src.mcunc.net/f69df5ce-0f7c-4fa6-9145-b67f894437e6.jpg
赞+调皮，表示“好棒”“我超赞”“得意地夸自己”,https://emoji-src.mcunc.net/74ce6681-85a1-4352-8222-549ba28aea62.jpg
这么强？！（震惊、难以置信）,https://emoji-src.mcunc.net/3d54ff00-051a-431e-8b6e-9b53012e43da.jpg
敬礼+“原来是大手子，失敬！” → 表示突然发现对方很厉害，带点调侃的佩服。,https://emoji-src.mcunc.net/4b90ca3d-8229-4007-9510-b7d40a87eb9b.jpg
？（疑惑/无语）,https://emoji-src.mcunc.net/aa0adc7e-3ac3-4c6f-b57d-84f401727253.jpg
在吗？（猫举玫瑰版）,https://emoji-src.mcunc.net/3f99d016-7b42-4b2c-a755-5578229fd235.jpg
摸头杀,https://emoji-src.mcunc.net/a25e91be-18eb-4032-9a84-a1dec1a07a34.jpg
真让龟头大（无奈/无语/哭笑不得）,https://emoji-src.mcunc.net/980072a0-7611-42df-8ce1-c1ddf5150e46.jpg
？（一脸懵/震惊）,https://emoji-src.mcunc.net/3b89bcc4-0d58-4ff8-85ec-6dfe88500b4b.jpg
？（一脸懵/疑惑）,https://emoji-src.mcunc.net/785efe5b-592e-4cb4-be30-2d3c3f4ead1d.jpg
？（疑惑/懵圈）,https://emoji-src.mcunc.net/337a4c9e-04bb-4efa-997e-80cdbbac761e.jpg
生气，头上冒火那种。,https://emoji-src.mcunc.net/a63c3966-b125-42fd-b8c5-1186d747b49b.jpg
在吗？（带点呆萌/疑惑）,https://emoji-src.mcunc.net/71b75272-78eb-4b1b-b48e-a23ba34dead2.jpg
？（疑惑/懵圈）,https://emoji-src.mcunc.net/d6fe53c1-0144-4ffe-92b1-23cca982ad01.jpg
？（一脸懵/惊讶）,https://emoji-src.mcunc.net/ae287087-225d-4ed1-acde-77cdd4b5a3e8.jpg
给猫爹都整乐了 —— 表情夸张、张嘴大笑的橘猫，形容被逗得不行、忍不住笑出声。,https://emoji-src.mcunc.net/c4c34a58-8c0e-472b-b358-eb44612315a8.jpg
生气 + 决绝   （配文“我以后再也不会笑了”强化情绪）,https://emoji-src.mcunc.net/299f9c1e-30d2-4c73-81cc-a1f78d6ca9f4.jpg
没睡饱 / 睡不醒 / 困倦,https://emoji-src.mcunc.net/45e0c8ab-0bf1-4eb2-b80f-d75eb598b8a0.jpg
哭哭，委屈,https://emoji-src.mcunc.net/1b3aa466-ece2-4d39-a6af-b8d655197bf5.jpg
救我！（猫仰头求救，配文“救援中：哈吉米 13.8秒”）,https://emoji-src.mcunc.net/be44f04a-4376-49ab-a48d-447502a21e68.jpg
抱抱，安慰，温柔治愈,https://emoji-src.mcunc.net/e8036bee-d5c1-4a50-9038-a5af46e64977.jpg
假装没事，其实哭了,https://emoji-src.mcunc.net/d2ee0851-5fed-45f8-b4df-7116062fb138.jpg
困了 / 犯困 / 想睡觉,https://emoji-src.mcunc.net/58f672f2-a3b6-4c1e-8cde-e4e0e18e662f.jpg
到主人这来（撒娇/召唤）,https://emoji-src.mcunc.net/9fb73f4c-4e8f-4fbf-a3ed-3981c645c60b.jpg
生气 + 惊讶   （白发少女皱眉张嘴，脸颊泛红，头顶樱花，表情又气又懵）,https://emoji-src.mcunc.net/71291918-73cb-456c-9c3e-9bcf65bd2770.jpg
你是这么大的猪（可爱吐槽/调侃）,https://emoji-src.mcunc.net/bda7cda8-475c-442f-a073-b08ce6d445cd.jpg
保持蓬松（萌系兔子表情，常用于卖萌或调侃状态）,https://emoji-src.mcunc.net/48e5c3f5-6bbf-4885-8358-cbb9c59b9985.jpg
杀头！（惊恐/慌张）,https://emoji-src.mcunc.net/74045933-8e02-491d-804a-0dc567f7927c.jpg
可爱惊讶/呆萌表情，适合用于“在吗？”“？？？”“哇！”等情境。,https://emoji-src.mcunc.net/b927dfd9-b6fb-404d-b04f-cfe3780c2654.jpg
混子专属小壳儿 —— 萌系委屈/傲娇脸，带点小脾气的可爱吐槽表情。,https://emoji-src.mcunc.net/d0b89636-b31f-4143-b300-fc97198cc497.jpg
在吗？（萌萌的雪地小水豚探头）,https://emoji-src.mcunc.net/562577f1-6c01-4349-889e-b49f93f83f61.jpg
看,https://emoji-src.mcunc.net/567d4d9d-8eb9-4f33-98ee-c49da90eb3b6.jpg
生气，但可爱地炸毛中,https://emoji-src.mcunc.net/ffe1663c-44e1-4719-a5ba-01485f70a87e.jpg
在吗,https://emoji-src.mcunc.net/550ed633-729b-4a31-8b0e-12084cb7f5cf.jpg
？（疑惑脸）,https://emoji-src.mcunc.net/95d1a0c6-3ee7-467a-9cc7-d5ce622340e1.jpg
吐舌卖萌，带点小得意,https://emoji-src.mcunc.net/efd3e976-441e-4d75-93a5-e800404e3902.jpg
哭喊 / 崩溃大哭,https://emoji-src.mcunc.net/e634fbc2-6760-404b-81ab-bc4b5dfa3652.jpg
？（一脸懵/困惑）,https://emoji-src.mcunc.net/f9669c26-9480-4120-a675-b30b77dfdc56.jpg
已老实，求放过 —— 表示认怂、服软、请求宽恕。,https://emoji-src.mcunc.net/2ff07764-c4d2-46f5-9e71-035609bc486c.jpg
装傻,https://emoji-src.mcunc.net/63a03f3a-3f22-43a2-a794-eed6f70d27fe.jpg
剪掉（表示要删减、去掉某物，常用于网络对话中表达“别说了”“删了这段”等意思）,https://emoji-src.mcunc.net/622f4170-e0a6-4143-baa6-058f8dddfc45.jpg
笑里藏刀 / 表面微笑实际阴险,https://emoji-src.mcunc.net/ccb1735c-5b54-4a8b-a565-e9e5ffb40972.jpg
六（表示震惊/无语/“好家伙”）,https://emoji-src.mcunc.net/8640278a-20f8-4bbf-a380-4f29c4a8fa3d.jpg
？（配图：戴帽猫+泡面+冰红茶，一脸懵或无语）,https://emoji-src.mcunc.net/71302fad-dce0-4d98-b323-05b072dede04.jpg
可爱萌妹，乖巧坐着，带点小害羞/期待感。   适合：在吗？ / 你看看我嘛 / 求关注 / 萌系撒娇,https://emoji-src.mcunc.net/183bde4d-626e-4042-bcd5-2de518415c32.jpg
在吗？（猫举手指，带点萌萌的询问感）,https://emoji-src.mcunc.net/dcefe4e9-4df9-459d-b1a4-0b681cded719.jpg
饿了 / 想吃汉堡薯条,https://emoji-src.mcunc.net/dc90ef79-7c24-46ae-9066-339a0f09f0e9.jpg
思考中 / 沉思 / 在想事,https://emoji-src.mcunc.net/7713c0a0-79a4-4826-87fe-bae6bd4c4681.jpg
？（疑惑/懵逼）,https://emoji-src.mcunc.net/d5d1cb33-5b51-4d10-83f2-33edef6be762.jpg
网络过载，快崩了,https://emoji-src.mcunc.net/25bbc96d-7753-43ba-be44-80a0deaf2088.jpg
等我回国处理 —— 表示“这事交给我，我回来搞定”，带点霸气和调侃。,https://emoji-src.mcunc.net/9b3b7d85-bc38-4234-83ed-e322e3a776e0.jpg
喝多了 / 醉了,https://emoji-src.mcunc.net/4824460b-82e8-449b-b54e-3f5af205d4be.jpg
脑子宕机了，等它恢复…,https://emoji-src.mcunc.net/a72cd651-e113-4d2e-8e38-949242d72661.jpg
睡着了,https://emoji-src.mcunc.net/99217023-a120-4577-9b70-86ef6bb96f6f.jpg
喝醉了,https://emoji-src.mcunc.net/430abf46-d215-4ad1-92f8-fd55f2993b07.jpg
在喝奶茶，萌萌的,https://emoji-src.mcunc.net/52af7668-7712-4e6a-9453-b3bf826a7cae.jpg
惊讶 / 难道说？,https://emoji-src.mcunc.net/bf16449a-10ee-411e-aa5b-bf0baa038f42.jpg
在吗,https://emoji-src.mcunc.net/acabefa6-2b54-444c-80dc-1a3195f736d6.jpg
在吃东西，表情平静带点呆萌。,https://emoji-src.mcunc.net/dc87365e-ee52-4d26-835e-9ef55e7f989b.jpg
狗头，常用于调侃、装傻、反讽或卖萌，表示“我开玩笑的”或“你懂的”。,https://emoji-src.mcunc.net/7bd437b9-c730-477a-9e97-c612df1683f2.jpg
舔屏/馋了,https://emoji-src.mcunc.net/9b7fb170-1046-4bde-9b81-b3284ff87915.jpg
萌兔歪头，眼神无辜，配文“嚼嚼嚼”，表达呆萌、吃货或无语状态。,https://emoji-src.mcunc.net/0a40618f-0278-4e01-a664-12a8d6bdba0f.jpg
哭哭，委屈，伤心,https://emoji-src.mcunc.net/f15e124d-2a09-4f33-9e13-58eed0b0bd6c.jpg
惊讶 / 咪的天（表示震惊或意外）,https://emoji-src.mcunc.net/a46a88c5-e57b-4cba-9d3c-e78b1220deb0.jpg
？（惊讶/懵圈）,https://emoji-src.mcunc.net/6a19272d-55ea-439f-ac18-6efc3c3cfbf0.jpg
在吗？（叼着零食，眼神直勾勾看着你）,https://emoji-src.mcunc.net/dfcfa736-d622-49ca-83b3-eafd9992a5f2.jpg
思考中,https://emoji-src.mcunc.net/e86c68cf-38ba-4217-8794-f4540794db1c.jpg
微笑 / 无语 / 装傻,https://emoji-src.mcunc.net/accdd3fd-9866-421f-aa09-070225261156.jpg
？（疑惑/懵逼）,https://emoji-src.mcunc.net/73c0e3a8-3909-4ffb-bc8f-1d0189b2865f.jpg
思考中 / 疑惑 / 在想啥,https://emoji-src.mcunc.net/ef891270-2400-44e3-b75a-9a3da10983d4.jpg
摸头杀 / 宠溺表情,https://emoji-src.mcunc.net/2a2e183c-73f0-40fb-95e7-22437ef85e64.jpg
生气，嘟嘴叉腰，带点傲娇,https://emoji-src.mcunc.net/658de951-5cb1-47f7-ac2d-d441d6aeda63.jpg
得意/偷笑/贱兮兮,https://emoji-src.mcunc.net/ae578410-756d-468b-930a-c59cadc5d202.jpg
？（手机屏幕截图，显示四个App图标：360手机卫士、快播、友加、啪啪 —— 暗示“你懂的”或“这组合有点怪”）,https://emoji-src.mcunc.net/a253431b-cf1d-48a7-beb1-0107269576a0.jpg
吃苹果+卖萌表情，配“卖卖卖”文字，常用于调侃或推销场景，带点可爱撒娇感。,https://emoji-src.mcunc.net/1d2fd34c-e274-426e-9394-21c0420dc420.jpg
无异味（表面平静，实则危险/荒诞）,https://emoji-src.mcunc.net/8c3c5c8c-57c7-4c18-bfce-037dc096aadd.jpg
OhNo 妈咪何意味 —— 表达困惑、懵圈、不知所措，带点撒娇或无奈的语气。,https://emoji-src.mcunc.net/faa89dc8-2b67-4397-a5d4-b36cab9b03cc.jpg
在吗？（带点呆萌/无语感）,https://emoji-src.mcunc.net/1ae4f5ac-a28a-458a-8803-2df3a26659b8.jpg
兴奋欢呼，分享喜悦：“全部拿出来共享！”,https://emoji-src.mcunc.net/7cff9857-0418-4ce8-adaf-91bdfbf34d69.jpg
“给钱” / “求打赏” / “可爱卖萌要钱”,https://emoji-src.mcunc.net/92b1aa86-1fb2-4540-8e07-39a1cca64fb9.jpg
？   （表情包里兔子举着PS和AI图标，一脸懵或疑问：这是要我选哪个？还是在问“你会用吗？”）,https://emoji-src.mcunc.net/ce726c28-4e0b-4335-afb0-b188a5ca133b.jpg
？（惊讶/困惑）,https://emoji-src.mcunc.net/255cdc9c-20d7-47a0-a371-44ff02fa4228.jpg
开心大笑 / 欢呼雀跃,https://emoji-src.mcunc.net/de6ae797-e833-4f4d-bb30-cc9ee284d103.jpg
？（一脸困惑/无语）,https://emoji-src.mcunc.net/042cbb7e-a245-4f07-bd7e-7f070371a7bc.jpg
？（一脸懵/疑惑）,https://emoji-src.mcunc.net/899b67df-7a7e-4b66-8bfb-8c08504fe225.jpg
睡觉中，别打扰。,https://emoji-src.mcunc.net/6ffba642-1b59-46c5-aa41-9d28b5823d11.jpg
熬夜刷手机,https://emoji-src.mcunc.net/d486dc39-cd2f-4725-9143-16206f9b53aa.jpg
在吗？（猫脸懵逼表情）,https://emoji-src.mcunc.net/9d027f12-db6e-4592-bf10-ae09c6fbfb4a.jpg
生气+吐槽：粉色角色怒怼灰发角色，配文“薅你呆毛”，表达气恼或 playful 捉弄。,https://emoji-src.mcunc.net/f678d585-7a52-4b59-80e4-652986aa21ae.jpg
玩Pokemmo玩的（表示沉迷游戏、状态迷离或行为怪异）,https://emoji-src.mcunc.net/4439df1d-55b3-4883-927d-9d29a866f26a.jpg
在吗？（戴帽猫猫一脸正经）,https://emoji-src.mcunc.net/12882bd8-8923-4c1f-ad60-396c5070fe57.jpg
在吗？（举着奖杯，一脸期待）,https://emoji-src.mcunc.net/50864e87-6e98-4f64-80f2-efea9b8b53d5.jpg
说不出话 / 哑口无言 / 0%表达力,https://emoji-src.mcunc.net/0d676bb7-0899-4013-a994-ab6073df08dd.jpg
？（举着奖杯，一脸惊讶）,https://emoji-src.mcunc.net/74f0d245-682e-4977-9bf4-3e58381041f7.jpg
点赞 / 好的 / 支持,https://emoji-src.mcunc.net/788c754e-c577-4fd8-8ece-f84045161601.jpg
在吗～（带猫耳的萌系少女探头，语气软萌）,https://emoji-src.mcunc.net/bdeeb949-28ba-499f-948f-7a822d6b8a9f.jpg
生气 + 嘟嘴 + “死鬼”（带点撒娇或嗔怪）,https://emoji-src.mcunc.net/6138219b-d275-4605-a7be-3a41c4046a41.jpg
？（带点懵+小委屈）,https://emoji-src.mcunc.net/5daea522-ec4f-428b-9cb2-af504a349cf8.jpg
在吗？（萌系猫耳少女捂嘴偷笑，带点俏皮和期待）,https://emoji-src.mcunc.net/c981865f-9353-4de9-8141-cf4b6d679669.jpg
？（疑惑/不解）,https://emoji-src.mcunc.net/54a41bdc-cd16-4e9e-bdf4-e414d3eb3002.jpg
微笑 / 乖巧 / 无害,https://emoji-src.mcunc.net/a3de2172-7b8b-447f-bbb3-711e265d022e.jpg
在吗？,https://emoji-src.mcunc.net/b384e876-2e9e-4472-a2b5-385c41b0f006.jpg
闭眼微笑，害羞或满足的表情。,https://emoji-src.mcunc.net/21ef8004-396a-4ff8-a10e-c2a1966ffbff.jpg
血压飙升（可爱猫耳少女+红色上升箭头+“血压”字样，表达被萌到或气到血压上升的夸张情绪）,https://emoji-src.mcunc.net/c4bd7921-7213-4b30-82ee-5aa84446ed33.jpg
在吗？（带点慵懒/困惑的猫耳少女指屏幕）,https://emoji-src.mcunc.net/c28e84d3-10b3-4459-b379-1594f2ff6518.jpg
我有芋泥症（萌系委屈脸，带星星发饰，表达对芋泥的沉迷或无奈）,https://emoji-src.mcunc.net/d5f75578-00ae-4d34-a092-cf3d919b7015.jpg
脸红少女：害羞/心动/无言以对,https://emoji-src.mcunc.net/600ab7d7-b36d-4fce-b980-1fd60a22e216.jpg
在吗？（萌系小人提着购物袋，带点呆萌和期待）,https://emoji-src.mcunc.net/dbfd96f5-ee18-4df3-8e2f-7847b9d08720.jpg
在吗？（萌系歪头+举手打招呼）,https://emoji-src.mcunc.net/fc926246-d835-46be-ad5a-c1adf84cbc17.jpg
无语 / 傻眼 / 冷静脸,https://emoji-src.mcunc.net/10e0e9a1-4194-42bd-8900-d1dcd4178c1e.jpg
？（疑惑/懵圈）,https://emoji-src.mcunc.net/5b09e9d2-5962-4016-b39a-d83ebd04bd51.jpg
困了 / 打哈欠 / 犯困,https://emoji-src.mcunc.net/7ef91fdc-8dc9-4e41-9256-ba8709cc1176.jpg
心动到脸红，眼睛冒爱心，超喜欢你！,https://emoji-src.mcunc.net/c9bab293-cfe1-4693-a373-8fb44991b5fd.jpg
困了 / 睡不醒 / 无精打采,https://emoji-src.mcunc.net/7ffa1ecb-775d-490c-800b-4d7c28e21603.jpg
生气大喊,https://emoji-src.mcunc.net/1b727be5-c625-4517-a8ea-18d2c5996ffd.jpg
困了 / 打瞌睡,https://emoji-src.mcunc.net/ece0c180-d1df-4bcf-85ad-8bd004d74074.jpg
？（疑惑/懵）,https://emoji-src.mcunc.net/d0eb8e01-c883-4dea-9e2a-6ea20f41157b.jpg
思考中 / 陷入沉思,https://emoji-src.mcunc.net/575bffb4-b704-4368-8be4-a0687463626e.jpg
？（一脸懵/无语）,https://emoji-src.mcunc.net/1458b4f1-31bb-4d39-b2f2-d6ec746c0f9d.jpg
？（疑惑/懵圈）,https://emoji-src.mcunc.net/29c259aa-9e73-4211-bdcb-c854c763b36c.jpg
？？？（表示困惑、不解、一脸懵）,https://emoji-src.mcunc.net/f5b9a848-1dc6-4242-986f-4140ba1f90bc.jpg
开心/卖萌,https://emoji-src.mcunc.net/2b85fa7a-04fb-4a2d-8683-4c95c4ca46e6.jpg
在吗？（萌系小人从包里探头，带点困倦和呆萌）,https://emoji-src.mcunc.net/595c72e5-b87b-4535-9f7f-78f14507fda8.jpg
抱着小熊微笑，温柔可爱版“在吗？”,https://emoji-src.mcunc.net/78db4cdc-1e8a-425c-bcbd-0fb22b9457df.jpg
？挠头喵（表示困惑/思考）,https://emoji-src.mcunc.net/5fc032f9-d7fb-4d7f-8697-366552573c65.jpg
在吗？（带点慵懒+呆萌）,https://emoji-src.mcunc.net/181dab0a-186c-44a5-b8cd-b060e1ffedf8.jpg
离群出走（委屈/emo/想静静）,https://emoji-src.mcunc.net/79c15aa1-ea86-4ee8-9346-cb6a78a786b5.jpg
在吗？我挖到你家了！,https://emoji-src.mcunc.net/788d2157-65d8-4e11-b9d6-30b031120931.jpg
生气喷火,https://emoji-src.mcunc.net/8dca015a-c170-4f54-bd5d-383671a616a7.jpg
在吗？（小狗抬头萌萌看）,https://emoji-src.mcunc.net/00b8c9a3-9169-42ef-85cd-c06c40aea1ee.jpg
哭着吃东西，委屈又想吃,https://emoji-src.mcunc.net/e8ac3c1b-aca0-4839-b5dd-29f26f8e6544.jpg
可爱撒娇，带点小傲娇,https://emoji-src.mcunc.net/af837a63-56a1-4e6f-9d3d-5c982dfd2d52.jpg
8级鸡，懵圈/无语,https://emoji-src.mcunc.net/dbc5dc64-2e25-46b8-a77c-3ee29bca3d39.jpg
在吗？（带点呆萌/无语）,https://emoji-src.mcunc.net/6ffaf2ab-a312-4abd-ae43-e545cb97450d.jpg
？   （合成表里放了奇怪的物品，结果产出一个黑方块——“这也能合出来？”）,https://emoji-src.mcunc.net/3038729d-df3c-47d5-8a3b-4f4025b40bc8.jpg
探花博主观察中…（装酷/暗中观察）,https://emoji-src.mcunc.net/9fe56705-7dad-4a28-9662-0fe0e0822ed0.jpg
心虚、做贼心虚、不敢直视,https://emoji-src.mcunc.net/e32409fb-f2d7-43b5-af68-5e9d1e1c0b3d.jpg
？（疑惑/思考）,https://emoji-src.mcunc.net/68602af8-d0f8-4426-8c04-57b710d0db5b.jpg
开心/得意/炫耀,https://emoji-src.mcunc.net/eeec1be9-3c92-4c25-b11a-dc841583b2da.jpg
戴蝴蝶结的鱼，萌趣可爱。,https://emoji-src.mcunc.net/0501b000-0b1e-42e4-90d1-5c351ece29b9.jpg
？（一脸懵/疑惑）,https://emoji-src.mcunc.net/4373d6a0-ae90-4297-9d47-cc96ab5705ca.jpg
“自愿赞助” —— 用二维码求打赏，带点幽默和调侃，类似“给点钱吧”“赏个脸/钱”的轻松请求。,https://emoji-src.mcunc.net/75b1515b-d50c-4f29-a6cc-b1e3ff0f0b58.jpg
震惊 / 吓懵 / ？？？,https://emoji-src.mcunc.net/2b82da49-2cfa-4ad8-8016-ca2b5d261ea8.jpg
在吗？（叼着炸鸡、端着可乐的猫，一脸“你找我有事？”）,https://emoji-src.mcunc.net/d4aa32c3-8124-436d-93c2-b7bd245d914c.jpg
在吗？（猫歪头+尾巴翘起，带点疑惑和期待）,https://emoji-src.mcunc.net/c51c8990-5125-4622-8487-44e4398163b3.jpg
？（疑惑/懵圈）,https://emoji-src.mcunc.net/4d591b7a-b84e-46d2-a6f8-e3a62a55826a.jpg
？（一脸震惊/困惑）,https://emoji-src.mcunc.net/769463ba-ad49-42a1-bce9-83e73cad021e.jpg
投喂群友（可爱版）,https://emoji-src.mcunc.net/8cf35674-153e-4c0c-8fdc-272e11735062.jpg
生气+无语，配文“发的什么玩意这是！！” 表达强烈不满和吐槽。,https://emoji-src.mcunc.net/c852c86f-a1ee-4cb1-876e-716dee7ece6b.jpg
在吗？（带点慵懒/漫不经心）,https://emoji-src.mcunc.net/6f2d921b-1abf-49db-9e74-2ed190b0dd67.jpg
惊讶/慌张：张嘴瞪眼，手足无措，像被突然吓到或发现大事不妙。,https://emoji-src.mcunc.net/086496d4-d960-45af-a8e0-a5353136b2aa.jpg
在吗？（双手比“六”手势，戴眼镜的卡通男表情夸张）,https://emoji-src.mcunc.net/d2a93737-3b94-4d71-848f-1da18369b1e2.jpg
生气，炸毛，气鼓鼓,https://emoji-src.mcunc.net/6efce4ac-841d-4aa7-bb2b-baf909dc70c3.jpg
？（戴着安全帽、拿着工具，一脸懵/疑问）,https://emoji-src.mcunc.net/8b7e2497-f04e-4e16-aefb-2fc1a1ed57b3.jpg
“要不开挂吧” —— 表情包中粉色短发角色戴眼镜、面无表情，语气带点无奈或调侃，常用于游戏或任务太难时，暗示“不如开外挂”，属于吐槽/摆烂式幽默。,https://emoji-src.mcunc.net/97909366-613d-467a-9505-e6791427ef88.jpg
在吗？（举着带爱心的手机，略带期待地看着你）,https://emoji-src.mcunc.net/37a00206-3aed-4583-a637-09b6166585fd.jpg
生气，举剑警告,https://emoji-src.mcunc.net/ba0ff6b4-03dc-4f7e-aa71-c86379c9a99f.jpg
开心比耶！,https://emoji-src.mcunc.net/b3f8b945-0017-4bda-afb0-832165e82cec.jpg
在吗？（带点呆萌/无辜感）,https://emoji-src.mcunc.net/7269f2fc-cfe3-4dec-9cba-630f29a32a0d.jpg
无语 / 黑人问号 / ？？？,https://emoji-src.mcunc.net/5c9c2789-c204-44a7-96f7-9e9cf57d37ee.jpg
在吗？（萌系猫耳少女比V手势，带点俏皮和期待）,https://emoji-src.mcunc.net/d5fb49c6-d4ce-4a73-90f8-6078218f710b.jpg
嘿嘿嘿 —— 表示调皮、得意或卖萌的笑。,https://emoji-src.mcunc.net/6022af23-37ac-4c27-b220-0b9b5d636bf1.jpg
这怎么能允许呢？——震惊/质问/不可置信,https://emoji-src.mcunc.net/151b96b8-2b00-4c07-a4c4-a8a7b3b5712a.jpg
防踢冒泡 —— 用于群聊中提醒“别踢我，我还在！”的幽默表达。,https://emoji-src.mcunc.net/1f65f652-0b68-42dd-a5cb-7cea77e94509.jpg
我太想进步了 —— 表情严肃，眼神专注，透露出强烈的上进心和紧迫感。,https://emoji-src.mcunc.net/97e92bba-7883-4f78-8a8c-9cd05b318774.jpg
？（这封面是《恶搞之家》角色配中文教材标题，违和感拉满）,https://emoji-src.mcunc.net/feb42413-a882-4aeb-b149-979e36951be0.jpg
举杯望远，笑看未来 —— 商务精英的“展望”时刻 🍷🔭,https://emoji-src.mcunc.net/a52621db-9b02-4a60-b71e-374d814b13d4.jpg
在吗？（温柔挥手版）,https://emoji-src.mcunc.net/ffb4f0d6-65f3-4170-aecc-f424ae21a5f5.jpg
本地测试环境，余额为0，带点调侃或无奈的“没钱了”表情包。,https://emoji-src.mcunc.net/f7a7e364-100f-4652-8b50-382869dd01b4.jpg
大笑 / 开心到爆 / 笑疯了,https://emoji-src.mcunc.net/449ffe0a-b19c-416f-8784-8a6dea4425aa.jpg
在吗？（带点撒娇或急切的语气）,https://emoji-src.mcunc.net/4d744640-41fb-49fa-bb41-c467d3383d86.jpg
戴耳机的鱼，表示“在听”或“别打扰我”。,https://emoji-src.mcunc.net/09649ad3-1a1a-45a5-8923-7c03abe6a8d0.jpg
群主我要这个（带点撒娇/抢夺语气）,https://emoji-src.mcunc.net/e8815ebd-316b-41fa-aece-29c9efbc7079.jpg
战术斜视 —— 表示假装没看见、故意回避或心知肚明却装傻的神态。,https://emoji-src.mcunc.net/dc76564b-dfd6-4142-b390-44c7806c72a8.jpg
？（疑惑/懵逼）,https://emoji-src.mcunc.net/4c350001-56d0-4702-b162-34c7e8e7dd46.jpg
在吗？（带点呆萌/懵圈感）,https://emoji-src.mcunc.net/5dba1a2d-806b-4a1f-8d77-774b1f25ee54.jpg
在吗？（或：嘘——安静）,https://emoji-src.mcunc.net/fa581883-a967-43cd-ab95-cca4bf832cd6.jpg
抱着球，萌萌的蓝猫，像在说“乖巧等你”或“求摸摸”,https://emoji-src.mcunc.net/afb0897b-1a6f-4323-a57d-43d182edb184.jpg
佩服佩服,https://emoji-src.mcunc.net/c9455c11-5370-4047-bb0f-574af6cce031.jpg
吃瓜,https://emoji-src.mcunc.net/b1d57d98-1f1c-4ff8-92a2-8eec19ea0703.jpg
生气 / 暴怒,https://emoji-src.mcunc.net/b2c3fcc0-08a6-4023-9a6f-d31a7ea0b49c.jpg
敬酒（或：服了你 / 老资历我服你）,https://emoji-src.mcunc.net/98481534-c47e-49b8-9a21-d39d0c818f86.jpg
？（一脸懵/无辜）,https://emoji-src.mcunc.net/bcf035f1-7900-4502-ba80-618552b72b58.jpg
得挠人处且挠人 —— 猫咪一脸无辜又带点狡黠，暗示“趁没人注意赶紧搞点小动作”，常用于调皮、撒娇或暗戳戳使坏的场景。,https://emoji-src.mcunc.net/f1165e16-42c4-4e7c-a59c-317884f0d6e1.jpg
惊讶 / 难道说？,https://emoji-src.mcunc.net/48c69228-9806-4fbe-be57-90111a27e647.jpg
？（一半真人+一半漫画，表情懵/困惑）,https://emoji-src.mcunc.net/85cadb8d-28ea-46d1-8d0b-f29e9240343a.jpg
？（疑惑/懵圈）,https://emoji-src.mcunc.net/0ad37cda-b9be-454d-9fcb-ef4a3f978d79.jpg
生气 / 不爽 / 黑脸,https://emoji-src.mcunc.net/68530ad6-d0f6-4da6-ada0-d5966adcfec2.jpg
萌鸡，可爱发呆,https://emoji-src.mcunc.net/49258f2f-d355-428e-b1bf-3613086a99bc.jpg
开心/兴奋/举手欢呼,https://emoji-src.mcunc.net/95fe1b35-36b0-4816-81b7-756d6d8e9bf3.jpg
开心大笑,https://emoji-src.mcunc.net/539a0ef4-179a-4515-a584-0f8b91f6cd05.jpg
舔舌卖萌 / 得意洋洋,https://emoji-src.mcunc.net/516ca9a7-0149-442a-bf99-82235af1c6c5.jpg
？（一脸懵/无语）,https://emoji-src.mcunc.net/1cf20978-e8d5-4068-8ce1-b64fd7b7b157.jpg
委屈巴巴，想哭又憋着,https://emoji-src.mcunc.net/1379f512-5f19-4b88-a934-106ec21e0a4d.jpg
崩溃大喊 / 抓狂 / 急死我了,https://emoji-src.mcunc.net/a15570a9-01dc-4039-8f94-a97d9890bcb4.jpg
